Lat_DD,Lon_DD
11.37,37.42
11.37,37.42
11.37,37.42
11.37,37.42
11.37,37.42
11.37,37.42
11.37,37.42
11.37,37.42
11.37,37.42
11.37,37.42
11.37,37.42
11.37,37.42
11.37,37.42
11.37,37.42
11.37,37.42
11.37,37.42
11.37,37.42
11.37,37.42
11.37,37.42
11.37,37.42
11.37,37.42
11.37,37.42
11.37,37.42
11.37,37.42
11.37,37.42
11.37,37.42
11.37,37.42
11.37,37.42
11.37,37.42
11.37,37.42
11.16,37.59
11.16,37.59
11.16,37.59
11.16,37.59
11.16,37.59
11.16,37.59
11.16,37.59
11.16,37.59
11.16,37.59
11.16,37.59
11.16,37.59
11.16,37.59
11.16,37.59
11.16,37.59
11.16,37.59
11.16,37.59
11.16,37.59
11.16,37.59
11.16,37.59
11.16,37.59
11.16,37.59
11.16,37.59
11.16,37.59
11.16,37.59
11.16,37.59
11.16,37.59
11.16,37.59
11.16,37.59
11.16,37.59
11.16,37.59
11.17,37.45
11.17,37.45
11.17,37.45
11.17,37.45
11.17,37.45
11.17,37.45
11.17,37.45
11.17,37.45
11.17,37.45
11.17,37.45
11.17,37.45
11.17,37.45
11.17,37.45
11.17,37.45
11.17,37.45
11.17,37.45
11.17,37.45
11.17,37.45
11.17,37.45
11.17,37.45
11.17,37.45
11.17,37.45
11.17,37.45
11.17,37.45
11.17,37.45
11.17,37.45
11.17,37.45
11.17,37.45
11.17,37.45
11.17,37.45
11.23,37.47
11.23,37.47
11.23,37.47
11.23,37.47
11.23,37.47
11.23,37.47
11.23,37.47
11.23,37.47
11.23,37.47
11.23,37.47
11.23,37.47
11.23,37.47
11.23,37.47
11.23,37.47
11.23,37.47
11.23,37.47
11.23,37.47
11.23,37.47
11.23,37.47
11.23,37.47
11.23,37.47
11.23,37.47
11.23,37.47
11.23,37.47
11.23,37.47
11.23,37.47
11.23,37.47
11.23,37.47
11.23,37.47
11.23,37.47
10.52,36.88
10.52,36.88
10.52,36.88
10.52,36.88
10.52,36.88
10.52,36.88
10.52,36.88
10.52,36.88
10.52,36.88
10.52,36.88
10.52,36.88
10.52,36.88
10.52,36.88
10.52,36.88
10.52,36.88
10.52,36.88
10.52,36.88
10.52,36.88
10.52,36.88
10.52,36.88
10.52,36.88
10.52,36.88
10.52,36.88
10.52,36.88
10.52,36.88
10.52,36.88
10.52,36.88
10.52,36.88
10.52,36.88
10.52,36.88
10.52,36.89
10.52,36.89
10.52,36.89
10.52,36.89
10.52,36.89
10.52,36.89
10.52,36.89
10.52,36.89
10.52,36.89
10.52,36.89
10.52,36.89
10.52,36.89
10.52,36.89
10.52,36.89
10.52,36.89
10.52,36.89
10.52,36.89
10.52,36.89
10.52,36.89
10.52,36.89
10.52,36.89
10.52,36.89
10.52,36.89
10.52,36.89
10.52,36.89
10.52,36.89
10.52,36.89
10.52,36.89
10.52,36.89
10.52,36.89
10.54,36.95
10.54,36.95
10.54,36.95
10.54,36.95
10.54,36.95
10.54,36.95
10.54,36.95
10.54,36.95
10.54,36.95
10.54,36.95
10.54,36.95
10.54,36.95
10.54,36.95
10.54,36.95
10.54,36.95
10.54,36.95
10.54,36.95
10.54,36.95
10.54,36.95
10.54,36.95
10.54,36.95
10.54,36.95
10.54,36.95
10.54,36.95
10.54,36.95
10.54,36.95
10.54,36.95
10.54,36.95
10.54,36.95
10.54,36.95
10.56,36.93
10.56,36.93
10.56,36.93
10.56,36.93
10.56,36.93
10.56,36.93
10.56,36.93
10.56,36.93
10.56,36.93
10.56,36.93
10.56,36.93
10.56,36.93
10.56,36.93
10.56,36.93
10.56,36.93
10.56,36.93
10.56,36.93
10.56,36.93
10.56,36.93
10.56,36.93
10.56,36.93
10.56,36.93
10.56,36.93
10.56,36.93
10.56,36.93
10.56,36.93
10.56,36.93
10.56,36.93
10.56,36.93
10.56,36.93
10.59,36.9
10.59,36.9
10.59,36.9
10.59,36.9
10.59,36.9
10.59,36.9
10.59,36.9
10.59,36.9
10.59,36.9
10.59,36.9
10.59,36.9
10.59,36.9
10.59,36.9
10.59,36.9
10.59,36.9
10.59,36.9
10.59,36.9
10.59,36.9
10.59,36.9
10.59,36.9
10.59,36.9
10.59,36.9
10.59,36.9
10.59,36.9
10.59,36.9
10.59,36.9
10.59,36.9
10.59,36.9
10.59,36.9
10.59,36.9
10.62,36.96
10.62,36.96
10.62,36.96
10.62,36.96
10.62,36.96
10.62,36.96
10.62,36.96
10.62,36.96
10.62,36.96
10.62,36.96
10.62,36.96
10.62,36.96
10.62,36.96
10.62,36.96
10.62,36.96
10.62,36.96
10.62,36.96
10.62,36.96
10.62,36.96
10.62,36.96
10.62,36.96
10.62,36.96
10.62,36.96
10.62,36.96
10.62,36.96
10.62,36.96
10.62,36.96
10.62,36.96
10.62,36.96
10.62,36.96
10.66,36.96
10.66,36.96
10.66,36.96
10.66,36.96
10.66,36.96
10.66,36.96
10.66,36.96
10.66,36.96
10.66,36.96
10.66,36.96
10.66,36.96
10.66,36.96
10.66,36.96
10.66,36.96
10.66,36.96
10.66,36.96
10.66,36.96
10.66,36.96
10.66,36.96
10.66,36.96
10.66,36.96
10.66,36.96
10.66,36.96
10.66,36.96
10.66,36.96
10.66,36.96
10.66,36.96
10.66,36.96
10.66,36.96
10.66,36.96
10.66,36.98
10.66,36.98
10.66,36.98
10.66,36.98
10.66,36.98
10.66,36.98
10.66,36.98
10.66,36.98
10.66,36.98
10.66,36.98
10.66,36.98
10.66,36.98
10.66,36.98
10.66,36.98
10.66,36.98
10.66,36.98
10.66,36.98
10.66,36.98
10.66,36.98
10.66,36.98
10.66,36.98
10.66,36.98
10.66,36.98
10.66,36.98
10.66,36.98
10.66,36.98
10.66,36.98
10.66,36.98
10.66,36.98
10.66,36.98
10.66,36.98
10.66,36.98
10.66,36.98
10.66,36.98
10.66,36.98
10.66,36.98
10.66,36.98
10.66,36.98
10.66,36.98
10.66,36.98
10.66,36.98
10.66,36.98
10.66,36.98
10.66,36.98
10.66,36.98
10.66,36.98
10.66,36.98
10.66,36.98
10.66,36.98
10.66,36.98
10.66,36.98
10.66,36.98
10.66,36.98
10.66,36.98
10.66,36.98
10.66,36.98
10.66,36.98
10.66,36.98
10.66,36.98
10.66,36.98
10.27,37.44
10.27,37.44
10.27,37.44
10.27,37.44
10.27,37.44
10.27,37.44
10.27,37.44
10.27,37.44
10.27,37.44
10.27,37.44
10.27,37.44
10.27,37.44
10.27,37.44
10.27,37.44
10.27,37.44
10.27,37.44
10.27,37.44
10.27,37.44
10.27,37.44
10.27,37.44
10.27,37.44
10.27,37.44
10.27,37.44
10.27,37.44
10.27,37.44
10.27,37.44
10.27,37.44
10.27,37.44
10.27,37.44
10.27,37.44
10.28,37.45
10.28,37.45
10.28,37.45
10.28,37.45
10.28,37.45
10.28,37.45
10.28,37.45
10.28,37.45
10.28,37.45
10.28,37.45
10.28,37.45
10.28,37.45
10.28,37.45
10.28,37.45
10.28,37.45
10.28,37.45
10.28,37.45
10.28,37.45
10.28,37.45
10.28,37.45
10.28,37.45
10.28,37.45
10.28,37.45
10.28,37.45
10.28,37.45
10.28,37.45
10.28,37.45
10.28,37.45
10.28,37.45
10.28,37.45
10.33,37.49
10.33,37.49
10.33,37.49
10.33,37.49
10.33,37.49
10.33,37.49
10.33,37.49
10.33,37.49
10.33,37.49
10.33,37.49
10.33,37.49
10.33,37.49
10.33,37.49
10.33,37.49
10.33,37.49
10.33,37.49
10.33,37.49
10.33,37.49
10.33,37.49
10.33,37.49
10.33,37.49
10.33,37.49
10.33,37.49
10.33,37.49
10.33,37.49
10.33,37.49
10.33,37.49
10.33,37.49
10.33,37.49
10.33,37.49
10.3,37.49
10.3,37.49
10.3,37.49
10.3,37.49
10.3,37.49
10.3,37.49
10.3,37.49
10.3,37.49
10.3,37.49
10.3,37.49
10.3,37.49
10.3,37.49
10.3,37.49
10.3,37.49
10.3,37.49
10.3,37.49
10.3,37.49
10.3,37.49
10.3,37.49
10.3,37.49
10.3,37.49
10.3,37.49
10.3,37.49
10.3,37.49
10.3,37.49
10.3,37.49
10.3,37.49
10.3,37.49
10.3,37.49
10.3,37.49
9.96,39.22
9.96,39.22
9.96,39.22
9.96,39.22
9.96,39.22
9.96,39.22
9.96,39.22
9.96,39.22
9.96,39.22
9.96,39.22
9.96,39.22
9.96,39.22
9.96,39.22
9.96,39.22
9.96,39.22
9.96,39.22
9.96,39.22
9.96,39.22
9.96,39.22
9.96,39.22
9.96,39.22
9.96,39.22
9.96,39.22
9.96,39.22
9.96,39.22
9.96,39.22
9.96,39.22
9.96,39.22
9.96,39.22
9.96,39.22
9.93,39.19
9.93,39.19
9.93,39.19
9.93,39.19
9.93,39.19
9.93,39.19
9.93,39.19
9.93,39.19
9.93,39.19
9.93,39.19
9.93,39.19
9.93,39.19
9.93,39.19
9.93,39.19
9.93,39.19
9.93,39.19
9.93,39.19
9.93,39.19
9.93,39.19
9.93,39.19
9.93,39.19
9.93,39.19
9.93,39.19
9.93,39.19
9.93,39.19
9.93,39.19
9.93,39.19
9.93,39.19
9.93,39.19
9.93,39.19
9.92,39.18
9.92,39.18
9.92,39.18
9.92,39.18
9.92,39.18
9.92,39.18
9.92,39.18
9.92,39.18
9.92,39.18
9.92,39.18
9.92,39.18
9.92,39.18
9.92,39.18
9.92,39.18
9.92,39.18
9.92,39.18
9.92,39.18
9.92,39.18
9.92,39.18
9.92,39.18
9.92,39.18
9.92,39.18
9.92,39.18
9.92,39.18
9.92,39.18
9.92,39.18
9.92,39.18
9.92,39.18
9.92,39.18
9.92,39.18
9.94,39.19
9.94,39.19
9.94,39.19
9.94,39.19
9.94,39.19
9.94,39.19
9.94,39.19
9.94,39.19
9.94,39.19
9.94,39.19
9.94,39.19
9.94,39.19
9.94,39.19
9.94,39.19
9.94,39.19
9.94,39.19
9.94,39.19
9.94,39.19
9.94,39.19
9.94,39.19
9.94,39.19
9.94,39.19
9.94,39.19
9.94,39.19
9.94,39.19
9.94,39.19
9.94,39.19
9.94,39.19
9.94,39.19
9.94,39.19
9.89,39.22
9.89,39.22
9.89,39.22
9.89,39.22
9.89,39.22
9.89,39.22
9.89,39.22
9.89,39.22
9.89,39.22
9.89,39.22
9.89,39.22
9.89,39.22
9.89,39.22
9.89,39.22
9.89,39.22
9.89,39.22
9.89,39.22
9.89,39.22
9.89,39.22
9.89,39.22
9.89,39.22
9.89,39.22
9.89,39.22
9.89,39.22
9.89,39.22
9.89,39.22
9.89,39.22
9.89,39.22
9.89,39.22
9.89,39.22
9.9,39.16
9.9,39.16
9.9,39.16
9.9,39.16
9.9,39.16
9.9,39.16
9.9,39.16
9.9,39.16
9.9,39.16
9.9,39.16
9.9,39.16
9.9,39.16
9.9,39.16
9.9,39.16
9.9,39.16
9.9,39.16
9.9,39.16
9.9,39.16
9.9,39.16
9.9,39.16
9.9,39.16
9.9,39.16
9.9,39.16
9.9,39.16
9.9,39.16
9.9,39.16
9.9,39.16
9.9,39.16
9.9,39.16
9.9,39.16
9.88,39.12
9.88,39.12
9.88,39.12
9.88,39.12
9.88,39.12
9.88,39.12
9.88,39.12
9.88,39.12
9.88,39.12
9.88,39.12
9.88,39.12
9.88,39.12
9.88,39.12
9.88,39.12
9.88,39.12
9.88,39.12
9.88,39.12
9.88,39.12
9.88,39.12
9.88,39.12
9.88,39.12
9.88,39.12
9.88,39.12
9.88,39.12
9.88,39.12
9.88,39.12
9.88,39.12
9.88,39.12
9.88,39.12
9.88,39.12
9.86,39.18
9.86,39.18
9.86,39.18
9.86,39.18
9.86,39.18
9.86,39.18
9.86,39.18
9.86,39.18
9.86,39.18
9.86,39.18
9.86,39.18
9.86,39.18
9.86,39.18
9.86,39.18
9.86,39.18
9.86,39.18
9.86,39.18
9.86,39.18
9.86,39.18
9.86,39.18
9.86,39.18
9.86,39.18
9.86,39.18
9.86,39.18
9.86,39.18
9.86,39.18
9.86,39.18
9.86,39.18
9.86,39.18
9.86,39.18
9.93,39.42
9.93,39.42
9.93,39.42
9.93,39.42
9.93,39.42
9.93,39.42
9.93,39.42
9.93,39.42
9.93,39.42
9.93,39.42
9.93,39.42
9.93,39.42
9.93,39.42
9.93,39.42
9.93,39.42
9.93,39.42
9.93,39.42
9.93,39.42
9.93,39.42
9.93,39.42
9.93,39.42
9.93,39.42
9.93,39.42
9.93,39.42
9.93,39.42
9.93,39.42
9.93,39.42
9.93,39.42
9.93,39.42
9.93,39.42
9.88,39.58
9.88,39.58
9.88,39.58
9.88,39.58
9.88,39.58
9.88,39.58
9.88,39.58
9.88,39.58
9.88,39.58
9.88,39.58
9.88,39.58
9.88,39.58
9.88,39.58
9.88,39.58
9.88,39.58
9.88,39.58
9.88,39.58
9.88,39.58
9.88,39.58
9.88,39.58
9.88,39.58
9.88,39.58
9.88,39.58
9.88,39.58
9.88,39.58
9.88,39.58
9.88,39.58
9.88,39.58
9.88,39.58
9.88,39.58
9.93,39.5
9.93,39.5
9.93,39.5
9.93,39.5
9.93,39.5
9.93,39.5
9.93,39.5
9.93,39.5
9.93,39.5
9.93,39.5
9.93,39.5
9.93,39.5
9.93,39.5
9.93,39.5
9.93,39.5
9.93,39.5
9.93,39.5
9.93,39.5
9.93,39.5
9.93,39.5
9.93,39.5
9.93,39.5
9.93,39.5
9.93,39.5
9.93,39.5
9.93,39.5
9.93,39.5
9.93,39.5
9.93,39.5
9.93,39.5
9.91,39.68
9.91,39.68
9.91,39.68
9.91,39.68
9.91,39.68
9.91,39.68
9.91,39.68
9.91,39.68
9.91,39.68
9.91,39.68
9.91,39.68
9.91,39.68
9.91,39.68
9.91,39.68
9.91,39.68
9.91,39.68
9.91,39.68
9.91,39.68
9.91,39.68
9.91,39.68
9.91,39.68
9.91,39.68
9.91,39.68
9.91,39.68
9.91,39.68
9.91,39.68
9.91,39.68
9.91,39.68
9.91,39.68
9.91,39.68
9.94,39.57
9.94,39.57
9.94,39.57
9.94,39.57
9.94,39.57
9.94,39.57
9.94,39.57
9.94,39.57
9.94,39.57
9.94,39.57
9.94,39.57
9.94,39.57
9.94,39.57
9.94,39.57
9.94,39.57
9.94,39.57
9.94,39.57
9.94,39.57
9.94,39.57
9.94,39.57
9.94,39.57
9.94,39.57
9.94,39.57
9.94,39.57
9.94,39.57
9.94,39.57
9.94,39.57
9.94,39.57
9.94,39.57
9.94,39.57
11.74,38.38
11.74,38.38
11.74,38.38
11.74,38.38
11.74,38.38
11.74,38.38
11.74,38.38
11.74,38.38
11.74,38.38
11.74,38.38
11.74,38.38
11.74,38.38
11.74,38.38
11.74,38.38
11.74,38.38
11.74,38.38
11.74,38.38
11.74,38.38
11.74,38.38
11.74,38.38
11.74,38.38
11.74,38.38
11.74,38.38
11.74,38.38
11.74,38.38
11.74,38.38
11.74,38.38
11.74,38.38
11.74,38.38
11.74,38.38
11.81,38.16
11.81,38.16
11.81,38.16
11.81,38.16
11.81,38.16
11.81,38.16
11.81,38.16
11.81,38.16
11.81,38.16
11.81,38.16
11.81,38.16
11.81,38.16
11.81,38.16
11.81,38.16
11.81,38.16
11.81,38.16
11.81,38.16
11.81,38.16
11.81,38.16
11.81,38.16
11.81,38.16
11.81,38.16
11.81,38.16
11.81,38.16
11.81,38.16
11.81,38.16
11.81,38.16
11.81,38.16
11.81,38.16
11.81,38.16
11.75,38.15
11.75,38.15
11.75,38.15
11.75,38.15
11.75,38.15
11.75,38.15
11.75,38.15
11.75,38.15
11.75,38.15
11.75,38.15
11.75,38.15
11.75,38.15
11.75,38.15
11.75,38.15
11.75,38.15
11.75,38.15
11.75,38.15
11.75,38.15
11.75,38.15
11.75,38.15
11.75,38.15
11.75,38.15
11.75,38.15
11.75,38.15
11.75,38.15
11.75,38.15
11.75,38.15
11.75,38.15
11.75,38.15
11.75,38.15
11.92,38.01
11.92,38.01
11.92,38.01
11.92,38.01
11.92,38.01
11.92,38.01
11.92,38.01
11.92,38.01
11.92,38.01
11.92,38.01
11.92,38.01
11.92,38.01
11.92,38.01
11.92,38.01
11.92,38.01
11.92,38.01
11.92,38.01
11.92,38.01
11.92,38.01
11.92,38.01
11.92,38.01
11.92,38.01
11.92,38.01
11.92,38.01
11.92,38.01
11.92,38.01
11.92,38.01
11.92,38.01
11.92,38.01
11.92,38.01
11.86,37.97
11.86,37.97
11.86,37.97
11.86,37.97
11.86,37.97
11.86,37.97
11.86,37.97
11.86,37.97
11.86,37.97
11.86,37.97
11.86,37.97
11.86,37.97
11.86,37.97
11.86,37.97
11.86,37.97
11.86,37.97
11.86,37.97
11.86,37.97
11.86,37.97
11.86,37.97
11.86,37.97
11.86,37.97
11.86,37.97
11.86,37.97
11.86,37.97
11.86,37.97
11.86,37.97
11.86,37.97
11.86,37.97
11.86,37.97
11.79,38.18
11.79,38.18
11.79,38.18
11.79,38.18
11.79,38.18
11.79,38.18
11.79,38.18
11.79,38.18
11.79,38.18
11.79,38.18
11.79,38.18
11.79,38.18
11.79,38.18
11.79,38.18
11.79,38.18
11.79,38.18
11.79,38.18
11.79,38.18
11.79,38.18
11.79,38.18
11.79,38.18
11.79,38.18
11.79,38.18
11.79,38.18
11.79,38.18
11.79,38.18
11.79,38.18
11.79,38.18
11.79,38.18
11.79,38.18
11.83,38.05
11.83,38.05
11.83,38.05
11.83,38.05
11.83,38.05
11.83,38.05
11.83,38.05
11.83,38.05
11.83,38.05
11.83,38.05
11.83,38.05
11.83,38.05
11.83,38.05
11.83,38.05
11.83,38.05
11.83,38.05
11.83,38.05
11.83,38.05
11.83,38.05
11.83,38.05
11.83,38.05
11.83,38.05
11.83,38.05
11.83,38.05
11.83,38.05
11.83,38.05
11.83,38.05
11.83,38.05
11.83,38.05
11.83,38.05
11.85,38.02
11.85,38.02
11.85,38.02
11.85,38.02
11.85,38.02
11.85,38.02
11.85,38.02
11.85,38.02
11.85,38.02
11.85,38.02
11.85,38.02
11.85,38.02
11.85,38.02
11.85,38.02
11.85,38.02
11.85,38.02
11.85,38.02
11.85,38.02
11.85,38.02
11.85,38.02
11.85,38.02
11.85,38.02
11.85,38.02
11.85,38.02
11.85,38.02
11.85,38.02
11.85,38.02
11.85,38.02
11.85,38.02
11.85,38.02
8.1,38.73
8.1,38.73
8.1,38.73
8.1,38.73
8.1,38.73
8.1,38.73
8.1,38.73
8.1,38.73
8.1,38.73
8.1,38.73
8.1,38.73
8.1,38.73
8.1,38.73
8.1,38.73
8.1,38.73
8.1,38.73
8.1,38.73
8.1,38.73
8.1,38.73
8.1,38.73
8.1,38.73
8.1,38.73
8.1,38.73
8.1,38.73
8.1,38.73
8.1,38.73
8.1,38.73
8.1,38.73
8.1,38.73
8.1,38.73
8.14,38.74
8.14,38.74
8.14,38.74
8.14,38.74
8.14,38.74
8.14,38.74
8.14,38.74
8.14,38.74
8.14,38.74
8.14,38.74
8.14,38.74
8.14,38.74
8.14,38.74
8.14,38.74
8.14,38.74
8.14,38.74
8.14,38.74
8.14,38.74
8.14,38.74
8.14,38.74
8.14,38.74
8.14,38.74
8.14,38.74
8.14,38.74
8.14,38.74
8.14,38.74
8.14,38.74
8.14,38.74
8.14,38.74
8.14,38.74
8.14,38.78
8.14,38.78
8.14,38.78
8.14,38.78
8.14,38.78
8.14,38.78
8.14,38.78
8.14,38.78
8.14,38.78
8.14,38.78
8.14,38.78
8.14,38.78
8.14,38.78
8.14,38.78
8.14,38.78
8.14,38.78
8.14,38.78
8.14,38.78
8.14,38.78
8.14,38.78
8.14,38.78
8.14,38.78
8.14,38.78
8.14,38.78
8.14,38.78
8.14,38.78
8.14,38.78
8.14,38.78
8.14,38.78
8.14,38.78
8.19,38.84
8.19,38.84
8.19,38.84
8.19,38.84
8.19,38.84
8.19,38.84
8.19,38.84
8.19,38.84
8.19,38.84
8.19,38.84
8.19,38.84
8.19,38.84
8.19,38.84
8.19,38.84
8.19,38.84
8.19,38.84
8.19,38.84
8.19,38.84
8.19,38.84
8.19,38.84
8.19,38.84
8.19,38.84
8.19,38.84
8.19,38.84
8.19,38.84
8.19,38.84
8.19,38.84
8.19,38.84
8.19,38.84
8.19,38.84
8.08,38.72
8.08,38.72
8.08,38.72
8.08,38.72
8.08,38.72
8.08,38.72
8.08,38.72
8.08,38.72
8.08,38.72
8.08,38.72
8.08,38.72
8.08,38.72
8.08,38.72
8.08,38.72
8.08,38.72
8.08,38.72
8.08,38.72
8.08,38.72
8.08,38.72
8.08,38.72
8.08,38.72
8.08,38.72
8.08,38.72
8.08,38.72
8.08,38.72
8.08,38.72
8.08,38.72
8.08,38.72
8.08,38.72
8.08,38.72
8.27,38.92
8.27,38.92
8.27,38.92
8.27,38.92
8.27,38.92
8.27,38.92
8.27,38.92
8.27,38.92
8.27,38.92
8.27,38.92
8.27,38.92
8.27,38.92
8.27,38.92
8.27,38.92
8.27,38.92
8.27,38.92
8.27,38.92
8.27,38.92
8.27,38.92
8.27,38.92
8.27,38.92
8.27,38.92
8.27,38.92
8.27,38.92
8.27,38.92
8.27,38.92
8.27,38.92
8.27,38.92
8.27,38.92
8.27,38.92
8.25,38.88
8.25,38.88
8.25,38.88
8.25,38.88
8.25,38.88
8.25,38.88
8.25,38.88
8.25,38.88
8.25,38.88
8.25,38.88
8.25,38.88
8.25,38.88
8.25,38.88
8.25,38.88
8.25,38.88
8.25,38.88
8.25,38.88
8.25,38.88
8.25,38.88
8.25,38.88
8.25,38.88
8.25,38.88
8.25,38.88
8.25,38.88
8.25,38.88
8.25,38.88
8.25,38.88
8.25,38.88
8.25,38.88
8.25,38.88
8.23,38.88
8.23,38.88
8.23,38.88
8.23,38.88
8.23,38.88
8.23,38.88
8.23,38.88
8.23,38.88
8.23,38.88
8.23,38.88
8.23,38.88
8.23,38.88
8.23,38.88
8.23,38.88
8.23,38.88
8.23,38.88
8.23,38.88
8.23,38.88
8.23,38.88
8.23,38.88
8.23,38.88
8.23,38.88
8.23,38.88
8.23,38.88
8.23,38.88
8.23,38.88
8.23,38.88
8.23,38.88
8.23,38.88
8.23,38.88
8.29,38.96
8.29,38.96
8.29,38.96
8.29,38.96
8.29,38.96
8.29,38.96
8.29,38.96
8.29,38.96
8.29,38.96
8.29,38.96
8.29,38.96
8.29,38.96
8.29,38.96
8.29,38.96
8.29,38.96
8.29,38.96
8.29,38.96
8.29,38.96
8.29,38.96
8.29,38.96
8.29,38.96
8.29,38.96
8.29,38.96
8.29,38.96
8.29,38.96
8.29,38.96
8.29,38.96
8.29,38.96
8.29,38.96
8.29,38.96
8.31,38.92
8.31,38.92
8.31,38.92
8.31,38.92
8.31,38.92
8.31,38.92
8.31,38.92
8.31,38.92
8.31,38.92
8.31,38.92
8.31,38.92
8.31,38.92
8.31,38.92
8.31,38.92
8.31,38.92
8.31,38.92
8.31,38.92
8.31,38.92
8.31,38.92
8.31,38.92
8.31,38.92
8.31,38.92
8.31,38.92
8.31,38.92
8.31,38.92
8.31,38.92
8.31,38.92
8.31,38.92
8.31,38.92
8.31,38.92
8.32,38.95
8.32,38.95
8.32,38.95
8.32,38.95
8.32,38.95
8.32,38.95
8.32,38.95
8.32,38.95
8.32,38.95
8.32,38.95
8.32,38.95
8.32,38.95
8.32,38.95
8.32,38.95
8.32,38.95
8.32,38.95
8.32,38.95
8.32,38.95
8.32,38.95
8.32,38.95
8.32,38.95
8.32,38.95
8.32,38.95
8.32,38.95
8.32,38.95
8.32,38.95
8.32,38.95
8.32,38.95
8.32,38.95
8.32,38.95
7.57,38.14
7.57,38.14
7.57,38.14
7.57,38.14
7.57,38.14
7.57,38.14
7.57,38.14
7.57,38.14
7.57,38.14
7.57,38.14
7.57,38.14
7.57,38.14
7.57,38.14
7.57,38.14
7.57,38.14
7.57,38.14
7.57,38.14
7.57,38.14
7.57,38.14
7.57,38.14
7.57,38.14
7.57,38.14
7.57,38.14
7.57,38.14
7.57,38.14
7.57,38.14
7.57,38.14
7.57,38.14
7.57,38.14
7.57,38.14
7.61,38.19
7.61,38.19
7.61,38.19
7.61,38.19
7.61,38.19
7.61,38.19
7.61,38.19
7.61,38.19
7.61,38.19
7.61,38.19
7.61,38.19
7.61,38.19
7.61,38.19
7.61,38.19
7.61,38.19
7.61,38.19
7.61,38.19
7.61,38.19
7.61,38.19
7.61,38.19
7.61,38.19
7.61,38.19
7.61,38.19
7.61,38.19
7.61,38.19
7.61,38.19
7.61,38.19
7.61,38.19
7.61,38.19
7.61,38.19
7.57,38.2
7.57,38.2
7.57,38.2
7.57,38.2
7.57,38.2
7.57,38.2
7.57,38.2
7.57,38.2
7.57,38.2
7.57,38.2
7.57,38.2
7.57,38.2
7.57,38.2
7.57,38.2
7.57,38.2
7.57,38.2
7.57,38.2
7.57,38.2
7.57,38.2
7.57,38.2
7.57,38.2
7.57,38.2
7.57,38.2
7.57,38.2
7.57,38.2
7.57,38.2
7.57,38.2
7.57,38.2
7.57,38.2
7.57,38.2
7.52,38.21
7.52,38.21
7.52,38.21
7.52,38.21
7.52,38.21
7.52,38.21
7.52,38.21
7.52,38.21
7.52,38.21
7.52,38.21
7.52,38.21
7.52,38.21
7.52,38.21
7.52,38.21
7.52,38.21
7.52,38.21
7.52,38.21
7.52,38.21
7.52,38.21
7.52,38.21
7.52,38.21
7.52,38.21
7.52,38.21
7.52,38.21
7.52,38.21
7.52,38.21
7.52,38.21
7.52,38.21
7.52,38.21
7.52,38.21
7.66,39.29
7.66,39.29
7.66,39.29
7.66,39.29
7.66,39.29
7.66,39.29
7.66,39.29
7.66,39.29
7.66,39.29
7.66,39.29
7.66,39.29
7.66,39.29
7.66,39.29
7.66,39.29
7.66,39.29
7.66,39.29
7.66,39.29
7.66,39.29
7.66,39.29
7.66,39.29
7.66,39.29
7.66,39.29
7.66,39.29
7.66,39.29
7.66,39.29
7.66,39.29
7.66,39.29
7.66,39.29
7.66,39.29
7.66,39.29
7.67,39.26
7.67,39.26
7.67,39.26
7.67,39.26
7.67,39.26
7.67,39.26
7.67,39.26
7.67,39.26
7.67,39.26
7.67,39.26
7.67,39.26
7.67,39.26
7.67,39.26
7.67,39.26
7.67,39.26
7.67,39.26
7.67,39.26
7.67,39.26
7.67,39.26
7.67,39.26
7.67,39.26
7.67,39.26
7.67,39.26
7.67,39.26
7.67,39.26
7.67,39.26
7.67,39.26
7.67,39.26
7.67,39.26
7.67,39.26
7.68,39.24
7.68,39.24
7.68,39.24
7.68,39.24
7.68,39.24
7.68,39.24
7.68,39.24
7.68,39.24
7.68,39.24
7.68,39.24
7.68,39.24
7.68,39.24
7.68,39.24
7.68,39.24
7.68,39.24
7.68,39.24
7.68,39.24
7.68,39.24
7.68,39.24
7.68,39.24
7.68,39.24
7.68,39.24
7.68,39.24
7.68,39.24
7.68,39.24
7.68,39.24
7.68,39.24
7.68,39.24
7.68,39.24
7.68,39.24
7.79,39.29
7.79,39.29
7.79,39.29
7.79,39.29
7.79,39.29
7.79,39.29
7.79,39.29
7.79,39.29
7.79,39.29
7.79,39.29
7.79,39.29
7.79,39.29
7.79,39.29
7.79,39.29
7.79,39.29
7.79,39.29
7.79,39.29
7.79,39.29
7.79,39.29
7.79,39.29
7.79,39.29
7.79,39.29
7.79,39.29
7.79,39.29
7.79,39.29
7.79,39.29
7.79,39.29
7.79,39.29
7.79,39.29
7.79,39.29
7.74,39.24
7.74,39.24
7.74,39.24
7.74,39.24
7.74,39.24
7.74,39.24
7.74,39.24
7.74,39.24
7.74,39.24
7.74,39.24
7.74,39.24
7.74,39.24
7.74,39.24
7.74,39.24
7.74,39.24
7.74,39.24
7.74,39.24
7.74,39.24
7.74,39.24
7.74,39.24
7.74,39.24
7.74,39.24
7.74,39.24
7.74,39.24
7.74,39.24
7.74,39.24
7.74,39.24
7.74,39.24
7.74,39.24
7.74,39.24
7.85,39.21
7.85,39.21
7.85,39.21
7.85,39.21
7.85,39.21
7.85,39.21
7.85,39.21
7.85,39.21
7.85,39.21
7.85,39.21
7.85,39.21
7.85,39.21
7.85,39.21
7.85,39.21
7.85,39.21
7.85,39.21
7.85,39.21
7.85,39.21
7.85,39.21
7.85,39.21
7.85,39.21
7.85,39.21
7.85,39.21
7.85,39.21
7.85,39.21
7.85,39.21
7.85,39.21
7.85,39.21
7.85,39.21
7.85,39.21
7.83,39.18
7.83,39.18
7.83,39.18
7.83,39.18
7.83,39.18
7.83,39.18
7.83,39.18
7.83,39.18
7.83,39.18
7.83,39.18
7.83,39.18
7.83,39.18
7.83,39.18
7.83,39.18
7.83,39.18
7.83,39.18
7.83,39.18
7.83,39.18
7.83,39.18
7.83,39.18
7.83,39.18
7.83,39.18
7.83,39.18
7.83,39.18
7.83,39.18
7.83,39.18
7.83,39.18
7.83,39.18
7.83,39.18
7.83,39.18
7.82,39.16
7.82,39.16
7.82,39.16
7.82,39.16
7.82,39.16
7.82,39.16
7.82,39.16
7.82,39.16
7.82,39.16
7.82,39.16
7.82,39.16
7.82,39.16
7.82,39.16
7.82,39.16
7.82,39.16
7.82,39.16
7.82,39.16
7.82,39.16
7.82,39.16
7.82,39.16
7.82,39.16
7.82,39.16
7.82,39.16
7.82,39.16
7.82,39.16
7.82,39.16
7.82,39.16
7.82,39.16
7.82,39.16
7.82,39.16
7.87,39.14
7.87,39.14
7.87,39.14
7.87,39.14
7.87,39.14
7.87,39.14
7.87,39.14
7.87,39.14
7.87,39.14
7.87,39.14
7.87,39.14
7.87,39.14
7.87,39.14
7.87,39.14
7.87,39.14
7.87,39.14
7.87,39.14
7.87,39.14
7.87,39.14
7.87,39.14
7.87,39.14
7.87,39.14
7.87,39.14
7.87,39.14
7.87,39.14
7.87,39.14
7.87,39.14
7.87,39.14
7.87,39.14
7.87,39.14
7.88,39.12
7.88,39.12
7.88,39.12
7.88,39.12
7.88,39.12
7.88,39.12
7.88,39.12
7.88,39.12
7.88,39.12
7.88,39.12
7.88,39.12
7.88,39.12
7.88,39.12
7.88,39.12
7.88,39.12
7.88,39.12
7.88,39.12
7.88,39.12
7.88,39.12
7.88,39.12
7.88,39.12
7.88,39.12
7.88,39.12
7.88,39.12
7.88,39.12
7.88,39.12
7.88,39.12
7.88,39.12
7.88,39.12
7.88,39.12
7.87,39.14
7.87,39.14
7.87,39.14
7.87,39.14
7.87,39.14
7.87,39.14
7.87,39.14
7.87,39.14
7.87,39.14
7.87,39.14
7.87,39.14
7.87,39.14
7.87,39.14
7.87,39.14
7.87,39.14
7.87,39.14
7.87,39.14
7.87,39.14
7.87,39.14
7.87,39.14
7.87,39.14
7.87,39.14
7.87,39.14
7.87,39.14
7.87,39.14
7.87,39.14
7.87,39.14
7.87,39.14
7.87,39.14
7.87,39.14
7.9,39.11
7.9,39.11
7.9,39.11
7.9,39.11
7.9,39.11
7.9,39.11
7.9,39.11
7.9,39.11
7.9,39.11
7.9,39.11
7.9,39.11
7.9,39.11
7.9,39.11
7.9,39.11
7.9,39.11
7.9,39.11
7.9,39.11
7.9,39.11
7.9,39.11
7.9,39.11
7.9,39.11
7.9,39.11
7.9,39.11
7.9,39.11
7.9,39.11
7.9,39.11
7.9,39.11
7.9,39.11
7.9,39.11
7.9,39.11
7.88,39.1
7.88,39.1
7.88,39.1
7.88,39.1
7.88,39.1
7.88,39.1
7.88,39.1
7.88,39.1
7.88,39.1
7.88,39.1
7.88,39.1
7.88,39.1
7.88,39.1
7.88,39.1
7.88,39.1
7.88,39.1
7.88,39.1
7.88,39.1
7.88,39.1
7.88,39.1
7.88,39.1
7.88,39.1
7.88,39.1
7.88,39.1
7.88,39.1
7.88,39.1
7.88,39.1
7.88,39.1
7.88,39.1
7.88,39.1
7.92,39.15
7.92,39.15
7.92,39.15
7.92,39.15
7.92,39.15
7.92,39.15
7.92,39.15
7.92,39.15
7.92,39.15
7.92,39.15
7.92,39.15
7.92,39.15
7.92,39.15
7.92,39.15
7.92,39.15
7.92,39.15
7.92,39.15
7.92,39.15
7.92,39.15
7.92,39.15
7.92,39.15
7.92,39.15
7.92,39.15
7.92,39.15
7.92,39.15
7.92,39.15
7.92,39.15
7.92,39.15
7.92,39.15
7.92,39.15
8.89,37.81
8.89,37.81
8.89,37.81
8.89,37.81
8.89,37.81
8.89,37.81
8.89,37.81
8.89,37.81
8.89,37.81
8.89,37.81
8.89,37.81
8.89,37.81
8.89,37.81
8.89,37.81
8.89,37.81
8.89,37.81
8.89,37.81
8.89,37.81
8.89,37.81
8.89,37.81
8.89,37.81
8.89,37.81
8.89,37.81
8.89,37.81
8.89,37.81
8.89,37.81
8.89,37.81
8.89,37.81
8.89,37.81
8.89,37.81
8.94,37.75
8.94,37.75
8.94,37.75
8.94,37.75
8.94,37.75
8.94,37.75
8.94,37.75
8.94,37.75
8.94,37.75
8.94,37.75
8.94,37.75
8.94,37.75
8.94,37.75
8.94,37.75
8.94,37.75
8.94,37.75
8.94,37.75
8.94,37.75
8.94,37.75
8.94,37.75
8.94,37.75
8.94,37.75
8.94,37.75
8.94,37.75
8.94,37.75
8.94,37.75
8.94,37.75
8.94,37.75
8.94,37.75
8.94,37.75
8.99,37.73
8.99,37.73
8.99,37.73
8.99,37.73
8.99,37.73
8.99,37.73
8.99,37.73
8.99,37.73
8.99,37.73
8.99,37.73
8.99,37.73
8.99,37.73
8.99,37.73
8.99,37.73
8.99,37.73
8.99,37.73
8.99,37.73
8.99,37.73
8.99,37.73
8.99,37.73
8.99,37.73
8.99,37.73
8.99,37.73
8.99,37.73
8.99,37.73
8.99,37.73
8.99,37.73
8.99,37.73
8.99,37.73
8.99,37.73
8.99,37.72
8.99,37.72
8.99,37.72
8.99,37.72
8.99,37.72
8.99,37.72
8.99,37.72
8.99,37.72
8.99,37.72
8.99,37.72
8.99,37.72
8.99,37.72
8.99,37.72
8.99,37.72
8.99,37.72
8.99,37.72
8.99,37.72
8.99,37.72
8.99,37.72
8.99,37.72
8.99,37.72
8.99,37.72
8.99,37.72
8.99,37.72
8.99,37.72
8.99,37.72
8.99,37.72
8.99,37.72
8.99,37.72
8.99,37.72
8.86,37.68
8.86,37.68
8.86,37.68
8.86,37.68
8.86,37.68
8.86,37.68
8.86,37.68
8.86,37.68
8.86,37.68
8.86,37.68
8.86,37.68
8.86,37.68
8.86,37.68
8.86,37.68
8.86,37.68
8.86,37.68
8.86,37.68
8.86,37.68
8.86,37.68
8.86,37.68
8.86,37.68
8.86,37.68
8.86,37.68
8.86,37.68
8.86,37.68
8.86,37.68
8.86,37.68
8.86,37.68
8.86,37.68
8.86,37.68
8.98,37.56
8.98,37.56
8.98,37.56
8.98,37.56
8.98,37.56
8.98,37.56
8.98,37.56
8.98,37.56
8.98,37.56
8.98,37.56
8.98,37.56
8.98,37.56
8.98,37.56
8.98,37.56
8.98,37.56
8.98,37.56
8.98,37.56
8.98,37.56
8.98,37.56
8.98,37.56
8.98,37.56
8.98,37.56
8.98,37.56
8.98,37.56
8.98,37.56
8.98,37.56
8.98,37.56
8.98,37.56
8.98,37.56
8.98,37.56
8.94,37.53
8.94,37.53
8.94,37.53
8.94,37.53
8.94,37.53
8.94,37.53
8.94,37.53
8.94,37.53
8.94,37.53
8.94,37.53
8.94,37.53
8.94,37.53
8.94,37.53
8.94,37.53
8.94,37.53
8.94,37.53
8.94,37.53
8.94,37.53
8.94,37.53
8.94,37.53
8.94,37.53
8.94,37.53
8.94,37.53
8.94,37.53
8.94,37.53
8.94,37.53
8.94,37.53
8.94,37.53
8.94,37.53
8.94,37.53
8.95,37.53
8.95,37.53
8.95,37.53
8.95,37.53
8.95,37.53
8.95,37.53
8.95,37.53
8.95,37.53
8.95,37.53
8.95,37.53
8.95,37.53
8.95,37.53
8.95,37.53
8.95,37.53
8.95,37.53
8.95,37.53
8.95,37.53
8.95,37.53
8.95,37.53
8.95,37.53
8.95,37.53
8.95,37.53
8.95,37.53
8.95,37.53
8.95,37.53
8.95,37.53
8.95,37.53
8.95,37.53
8.95,37.53
8.95,37.53
8.98,37.5
8.98,37.5
8.98,37.5
8.98,37.5
8.98,37.5
8.98,37.5
8.98,37.5
8.98,37.5
8.98,37.5
8.98,37.5
8.98,37.5
8.98,37.5
8.98,37.5
8.98,37.5
8.98,37.5
8.98,37.5
8.98,37.5
8.98,37.5
8.98,37.5
8.98,37.5
8.98,37.5
8.98,37.5
8.98,37.5
8.98,37.5
8.98,37.5
8.98,37.5
8.98,37.5
8.98,37.5
8.98,37.5
8.98,37.5
8.97,37.51
8.97,37.51
8.97,37.51
8.97,37.51
8.97,37.51
8.97,37.51
8.97,37.51
8.97,37.51
8.97,37.51
8.97,37.51
8.97,37.51
8.97,37.51
8.97,37.51
8.97,37.51
8.97,37.51
8.97,37.51
8.97,37.51
8.97,37.51
8.97,37.51
8.97,37.51
8.97,37.51
8.97,37.51
8.97,37.51
8.97,37.51
8.97,37.51
8.97,37.51
8.97,37.51
8.97,37.51
8.97,37.51
8.97,37.51
8.97,37.49
8.97,37.49
8.97,37.49
8.97,37.49
8.97,37.49
8.97,37.49
8.97,37.49
8.97,37.49
8.97,37.49
8.97,37.49
8.97,37.49
8.97,37.49
8.97,37.49
8.97,37.49
8.97,37.49
8.97,37.49
8.97,37.49
8.97,37.49
8.97,37.49
8.97,37.49
8.97,37.49
8.97,37.49
8.97,37.49
8.97,37.49
8.97,37.49
8.97,37.49
8.97,37.49
8.97,37.49
8.97,37.49
8.97,37.49
8.98,37.49
8.98,37.49
8.98,37.49
8.98,37.49
8.98,37.49
8.98,37.49
8.98,37.49
8.98,37.49
8.98,37.49
8.98,37.49
8.98,37.49
8.98,37.49
8.98,37.49
8.98,37.49
8.98,37.49
8.98,37.49
8.98,37.49
8.98,37.49
8.98,37.49
8.98,37.49
8.98,37.49
8.98,37.49
8.98,37.49
8.98,37.49
8.98,37.49
8.98,37.49
8.98,37.49
8.98,37.49
8.98,37.49
8.98,37.49
8.97,37.49
8.97,37.49
8.97,37.49
8.97,37.49
8.97,37.49
8.97,37.49
8.97,37.49
8.97,37.49
8.97,37.49
8.97,37.49
8.97,37.49
8.97,37.49
8.97,37.49
8.97,37.49
8.97,37.49
8.97,37.49
8.97,37.49
8.97,37.49
8.97,37.49
8.97,37.49
8.97,37.49
8.97,37.49
8.97,37.49
8.97,37.49
8.97,37.49
8.97,37.49
8.97,37.49
8.97,37.49
8.97,37.49
8.97,37.49
9.03,37.46
9.03,37.46
9.03,37.46
9.03,37.46
9.03,37.46
9.03,37.46
9.03,37.46
9.03,37.46
9.03,37.46
9.03,37.46
9.03,37.46
9.03,37.46
9.03,37.46
9.03,37.46
9.03,37.46
9.03,37.46
9.03,37.46
9.03,37.46
9.03,37.46
9.03,37.46
9.03,37.46
9.03,37.46
9.03,37.46
9.03,37.46
9.03,37.46
9.03,37.46
9.03,37.46
9.03,37.46
9.03,37.46
9.03,37.46
9.02,37.46
9.02,37.46
9.02,37.46
9.02,37.46
9.02,37.46
9.02,37.46
9.02,37.46
9.02,37.46
9.02,37.46
9.02,37.46
9.02,37.46
9.02,37.46
9.02,37.46
9.02,37.46
9.02,37.46
9.02,37.46
9.02,37.46
9.02,37.46
9.02,37.46
9.02,37.46
9.02,37.46
9.02,37.46
9.02,37.46
9.02,37.46
9.02,37.46
9.02,37.46
9.02,37.46
9.02,37.46
9.02,37.46
9.02,37.46
8.92,37.54
8.92,37.54
8.92,37.54
8.92,37.54
8.92,37.54
8.92,37.54
8.92,37.54
8.92,37.54
8.92,37.54
8.92,37.54
8.92,37.54
8.92,37.54
8.92,37.54
8.92,37.54
8.92,37.54
8.92,37.54
8.92,37.54
8.92,37.54
8.92,37.54
8.92,37.54
8.92,37.54
8.92,37.54
8.92,37.54
8.92,37.54
8.92,37.54
8.92,37.54
8.92,37.54
8.92,37.54
8.92,37.54
8.92,37.54
9.16,38.46
9.16,38.46
9.16,38.46
9.16,38.46
9.16,38.46
9.16,38.46
9.16,38.46
9.16,38.46
9.16,38.46
9.16,38.46
9.16,38.46
9.16,38.46
9.16,38.46
9.16,38.46
9.16,38.46
9.16,38.46
9.16,38.46
9.16,38.46
9.16,38.46
9.16,38.46
9.16,38.46
9.16,38.46
9.16,38.46
9.16,38.46
9.16,38.46
9.16,38.46
9.16,38.46
9.16,38.46
9.16,38.46
9.16,38.46
9.16,38.46
9.16,38.46
9.16,38.46
9.16,38.46
9.16,38.46
9.16,38.46
9.16,38.46
9.16,38.46
9.16,38.46
9.16,38.46
9.16,38.46
9.16,38.46
9.16,38.46
9.16,38.46
9.16,38.46
9.16,38.46
9.16,38.46
9.16,38.46
9.16,38.46
9.16,38.46
9.16,38.46
9.16,38.46
9.16,38.46
9.16,38.46
9.16,38.46
9.16,38.46
9.16,38.46
9.16,38.46
9.16,38.46
9.16,38.46
9.15,38.46
9.15,38.46
9.15,38.46
9.15,38.46
9.15,38.46
9.15,38.46
9.15,38.46
9.15,38.46
9.15,38.46
9.15,38.46
9.15,38.46
9.15,38.46
9.15,38.46
9.15,38.46
9.15,38.46
9.15,38.46
9.15,38.46
9.15,38.46
9.15,38.46
9.15,38.46
9.15,38.46
9.15,38.46
9.15,38.46
9.15,38.46
9.15,38.46
9.15,38.46
9.15,38.46
9.15,38.46
9.15,38.46
9.15,38.46
9.09,38.46
9.09,38.46
9.09,38.46
9.09,38.46
9.09,38.46
9.09,38.46
9.09,38.46
9.09,38.46
9.09,38.46
9.09,38.46
9.09,38.46
9.09,38.46
9.09,38.46
9.09,38.46
9.09,38.46
9.09,38.46
9.09,38.46
9.09,38.46
9.09,38.46
9.09,38.46
9.09,38.46
9.09,38.46
9.09,38.46
9.09,38.46
9.09,38.46
9.09,38.46
9.09,38.46
9.09,38.46
9.09,38.46
9.09,38.46
9.13,38.44
9.13,38.44
9.13,38.44
9.13,38.44
9.13,38.44
9.13,38.44
9.13,38.44
9.13,38.44
9.13,38.44
9.13,38.44
9.13,38.44
9.13,38.44
9.13,38.44
9.13,38.44
9.13,38.44
9.13,38.44
9.13,38.44
9.13,38.44
9.13,38.44
9.13,38.44
9.13,38.44
9.13,38.44
9.13,38.44
9.13,38.44
9.13,38.44
9.13,38.44
9.13,38.44
9.13,38.44
9.13,38.44
9.13,38.44
9.05,38.52
9.05,38.52
9.05,38.52
9.05,38.52
9.05,38.52
9.05,38.52
9.05,38.52
9.05,38.52
9.05,38.52
9.05,38.52
9.05,38.52
9.05,38.52
9.05,38.52
9.05,38.52
9.05,38.52
9.05,38.52
9.05,38.52
9.05,38.52
9.05,38.52
9.05,38.52
9.05,38.52
9.05,38.52
9.05,38.52
9.05,38.52
9.05,38.52
9.05,38.52
9.05,38.52
9.05,38.52
9.05,38.52
9.05,38.52
9.06,38.46
9.06,38.46
9.06,38.46
9.06,38.46
9.06,38.46
9.06,38.46
9.06,38.46
9.06,38.46
9.06,38.46
9.06,38.46
9.06,38.46
9.06,38.46
9.06,38.46
9.06,38.46
9.06,38.46
9.06,38.46
9.06,38.46
9.06,38.46
9.06,38.46
9.06,38.46
9.06,38.46
9.06,38.46
9.06,38.46
9.06,38.46
9.06,38.46
9.06,38.46
9.06,38.46
9.06,38.46
9.06,38.46
9.06,38.46
9.05,38.46
9.05,38.46
9.05,38.46
9.05,38.46
9.05,38.46
9.05,38.46
9.05,38.46
9.05,38.46
9.05,38.46
9.05,38.46
9.05,38.46
9.05,38.46
9.05,38.46
9.05,38.46
9.05,38.46
9.05,38.46
9.05,38.46
9.05,38.46
9.05,38.46
9.05,38.46
9.05,38.46
9.05,38.46
9.05,38.46
9.05,38.46
9.05,38.46
9.05,38.46
9.05,38.46
9.05,38.46
9.05,38.46
9.05,38.46
9.09,38.44
9.09,38.44
9.09,38.44
9.09,38.44
9.09,38.44
9.09,38.44
9.09,38.44
9.09,38.44
9.09,38.44
9.09,38.44
9.09,38.44
9.09,38.44
9.09,38.44
9.09,38.44
9.09,38.44
9.09,38.44
9.09,38.44
9.09,38.44
9.09,38.44
9.09,38.44
9.09,38.44
9.09,38.44
9.09,38.44
9.09,38.44
9.09,38.44
9.09,38.44
9.09,38.44
9.09,38.44
9.09,38.44
9.09,38.44
9.09,38.44
9.09,38.44
9.09,38.44
9.09,38.44
9.09,38.44
9.09,38.44
9.09,38.44
9.09,38.44
9.09,38.44
9.09,38.44
9.09,38.44
9.09,38.44
9.09,38.44
9.09,38.44
9.09,38.44
9.09,38.44
9.09,38.44
9.09,38.44
9.09,38.44
9.09,38.44
9.09,38.44
9.09,38.44
9.09,38.44
9.09,38.44
9.09,38.44
9.09,38.44
9.09,38.44
9.09,38.44
9.09,38.44
9.09,38.44
9.09,38.43
9.09,38.43
9.09,38.43
9.09,38.43
9.09,38.43
9.09,38.43
9.09,38.43
9.09,38.43
9.09,38.43
9.09,38.43
9.09,38.43
9.09,38.43
9.09,38.43
9.09,38.43
9.09,38.43
9.09,38.43
9.09,38.43
9.09,38.43
9.09,38.43
9.09,38.43
9.09,38.43
9.09,38.43
9.09,38.43
9.09,38.43
9.09,38.43
9.09,38.43
9.09,38.43
9.09,38.43
9.09,38.43
9.09,38.43
9.07,38.42
9.07,38.42
9.07,38.42
9.07,38.42
9.07,38.42
9.07,38.42
9.07,38.42
9.07,38.42
9.07,38.42
9.07,38.42
9.07,38.42
9.07,38.42
9.07,38.42
9.07,38.42
9.07,38.42
9.07,38.42
9.07,38.42
9.07,38.42
9.07,38.42
9.07,38.42
9.07,38.42
9.07,38.42
9.07,38.42
9.07,38.42
9.07,38.42
9.07,38.42
9.07,38.42
9.07,38.42
9.07,38.42
9.07,38.42
8.27,38.71
8.27,38.71
8.27,38.71
8.27,38.71
8.27,38.71
8.27,38.71
8.27,38.71
8.27,38.71
8.27,38.71
8.27,38.71
8.27,38.71
8.27,38.71
8.27,38.71
8.27,38.71
8.27,38.71
8.27,38.71
8.27,38.71
8.27,38.71
8.27,38.71
8.27,38.71
8.27,38.71
8.27,38.71
8.27,38.71
8.27,38.71
8.27,38.71
8.27,38.71
8.27,38.71
8.27,38.71
8.27,38.71
8.27,38.71
8.31,38.66
8.31,38.66
8.31,38.66
8.31,38.66
8.31,38.66
8.31,38.66
8.31,38.66
8.31,38.66
8.31,38.66
8.31,38.66
8.31,38.66
8.31,38.66
8.31,38.66
8.31,38.66
8.31,38.66
8.31,38.66
8.31,38.66
8.31,38.66
8.31,38.66
8.31,38.66
8.31,38.66
8.31,38.66
8.31,38.66
8.31,38.66
8.31,38.66
8.31,38.66
8.31,38.66
8.31,38.66
8.31,38.66
8.31,38.66
9.6,37.18
9.6,37.18
9.6,37.18
9.6,37.18
9.6,37.18
9.6,37.18
9.6,37.18
9.6,37.18
9.6,37.18
9.6,37.18
9.6,37.18
9.6,37.18
9.6,37.18
9.6,37.18
9.6,37.18
9.6,37.18
9.6,37.18
9.6,37.18
9.6,37.18
9.6,37.18
9.6,37.18
9.6,37.18
9.6,37.18
9.6,37.18
9.6,37.18
9.6,37.18
9.6,37.18
9.6,37.18
9.6,37.18
9.6,37.18
9.58,37.14
9.58,37.14
9.58,37.14
9.58,37.14
9.58,37.14
9.58,37.14
9.58,37.14
9.58,37.14
9.58,37.14
9.58,37.14
9.58,37.14
9.58,37.14
9.58,37.14
9.58,37.14
9.58,37.14
9.58,37.14
9.58,37.14
9.58,37.14
9.58,37.14
9.58,37.14
9.58,37.14
9.58,37.14
9.58,37.14
9.58,37.14
9.58,37.14
9.58,37.14
9.58,37.14
9.58,37.14
9.58,37.14
9.58,37.14
9.6,37.14
9.6,37.14
9.6,37.14
9.6,37.14
9.6,37.14
9.6,37.14
9.6,37.14
9.6,37.14
9.6,37.14
9.6,37.14
9.6,37.14
9.6,37.14
9.6,37.14
9.6,37.14
9.6,37.14
9.6,37.14
9.6,37.14
9.6,37.14
9.6,37.14
9.6,37.14
9.6,37.14
9.6,37.14
9.6,37.14
9.6,37.14
9.6,37.14
9.6,37.14
9.6,37.14
9.6,37.14
9.6,37.14
9.6,37.14
9.58,37.09
9.58,37.09
9.58,37.09
9.58,37.09
9.58,37.09
9.58,37.09
9.58,37.09
9.58,37.09
9.58,37.09
9.58,37.09
9.58,37.09
9.58,37.09
9.58,37.09
9.58,37.09
9.58,37.09
9.58,37.09
9.58,37.09
9.58,37.09
9.58,37.09
9.58,37.09
9.58,37.09
9.58,37.09
9.58,37.09
9.58,37.09
9.58,37.09
9.58,37.09
9.58,37.09
9.58,37.09
9.58,37.09
9.58,37.09
8.53,36.1
8.53,36.1
8.53,36.1
8.53,36.1
8.53,36.1
8.53,36.1
8.53,36.1
8.53,36.1
8.53,36.1
8.53,36.1
8.53,36.1
8.53,36.1
8.53,36.1
8.53,36.1
8.53,36.1
8.53,36.1
8.53,36.1
8.53,36.1
8.53,36.1
8.53,36.1
8.53,36.1
8.53,36.1
8.53,36.1
8.53,36.1
8.53,36.1
8.53,36.1
8.53,36.1
8.53,36.1
8.53,36.1
8.53,36.1
8.5,36.11
8.5,36.11
8.5,36.11
8.5,36.11
8.5,36.11
8.5,36.11
8.5,36.11
8.5,36.11
8.5,36.11
8.5,36.11
8.5,36.11
8.5,36.11
8.5,36.11
8.5,36.11
8.5,36.11
8.5,36.11
8.5,36.11
8.5,36.11
8.5,36.11
8.5,36.11
8.5,36.11
8.5,36.11
8.5,36.11
8.5,36.11
8.5,36.11
8.5,36.11
8.5,36.11
8.5,36.11
8.5,36.11
8.5,36.11
8.48,36.11
8.48,36.11
8.48,36.11
8.48,36.11
8.48,36.11
8.48,36.11
8.48,36.11
8.48,36.11
8.48,36.11
8.48,36.11
8.48,36.11
8.48,36.11
8.48,36.11
8.48,36.11
8.48,36.11
8.48,36.11
8.48,36.11
8.48,36.11
8.48,36.11
8.48,36.11
8.48,36.11
8.48,36.11
8.48,36.11
8.48,36.11
8.48,36.11
8.48,36.11
8.48,36.11
8.48,36.11
8.48,36.11
8.48,36.11
6.1,38.77
6.1,38.77
6.1,38.77
6.1,38.77
6.1,38.77
6.1,38.77
6.1,38.77
6.1,38.77
6.1,38.77
6.1,38.77
6.1,38.77
6.1,38.77
6.1,38.77
6.1,38.77
6.1,38.77
6.1,38.77
6.1,38.77
6.1,38.77
6.1,38.77
6.1,38.77
8.67,39.17
8.67,39.17
8.67,39.17
8.67,39.17
8.67,39.17
8.67,39.17
8.67,39.17
8.67,39.17
8.67,39.17
8.67,39.17
8.67,39.17
8.67,39.17
8.67,39.17
8.67,39.17
8.67,39.17
8.67,39.17
8.67,39.17
8.67,39.17
8.67,39.17
8.67,39.17
8.67,39.17
8.67,39.17
8.67,39.17
8.67,39.17
8.67,39.17
8.67,39.17
8.67,39.17
8.67,39.17
8.67,39.17
8.67,39.17
8.75,39.21
8.75,39.21
8.75,39.21
8.75,39.21
8.75,39.21
8.75,39.21
8.75,39.21
8.75,39.21
8.75,39.21
8.75,39.21
8.75,39.21
8.75,39.21
8.75,39.21
8.75,39.21
8.75,39.21
8.75,39.21
8.75,39.21
8.75,39.21
8.75,39.21
8.75,39.21
8.75,39.21
8.75,39.21
8.75,39.21
8.75,39.21
8.75,39.21
8.75,39.21
8.75,39.21
8.75,39.21
8.75,39.21
8.75,39.21
8.62,39.17
8.62,39.17
8.62,39.17
8.62,39.17
8.62,39.17
8.62,39.17
8.62,39.17
8.62,39.17
8.62,39.17
8.62,39.17
8.62,39.17
8.62,39.17
8.62,39.17
8.62,39.17
8.62,39.17
8.62,39.17
8.62,39.17
8.62,39.17
8.62,39.17
8.62,39.17
8.62,39.17
8.62,39.17
8.62,39.17
8.62,39.17
8.62,39.17
8.62,39.17
8.62,39.17
8.62,39.17
8.62,39.17
8.62,39.17
8.69,39.18
8.69,39.18
8.69,39.18
8.69,39.18
8.69,39.18
8.69,39.18
8.69,39.18
8.69,39.18
8.69,39.18
8.69,39.18
8.69,39.18
8.69,39.18
8.69,39.18
8.69,39.18
8.69,39.18
8.69,39.18
8.69,39.18
8.69,39.18
8.69,39.18
8.69,39.18
8.69,39.18
8.69,39.18
8.69,39.18
8.69,39.18
8.69,39.18
8.69,39.18
8.69,39.18
8.69,39.18
8.69,39.18
8.69,39.18
8.71,39.2
8.71,39.2
8.71,39.2
8.71,39.2
8.71,39.2
8.71,39.2
8.71,39.2
8.71,39.2
8.71,39.2
8.71,39.2
8.71,39.2
8.71,39.2
8.71,39.2
8.71,39.2
8.71,39.2
8.71,39.2
8.71,39.2
8.71,39.2
8.71,39.2
8.71,39.2
8.71,39.2
8.71,39.2
8.71,39.2
8.71,39.2
8.71,39.2
8.71,39.2
8.71,39.2
8.71,39.2
8.71,39.2
8.71,39.2
9.51,42.71
9.51,42.71
9.51,42.71
9.51,42.71
9.51,42.71
9.51,42.71
9.51,42.71
9.51,42.71
9.51,42.71
9.51,42.71
9.51,42.71
9.51,42.71
9.51,42.71
9.51,42.71
9.51,42.71
9.51,42.71
9.51,42.71
9.51,42.71
9.51,42.71
9.51,42.71
9.51,42.71
9.51,42.71
9.51,42.71
9.51,42.71
9.51,42.71
9.51,42.71
9.51,42.71
9.51,42.71
9.51,42.71
9.51,42.71
9.47,42.7
9.47,42.7
9.47,42.7
9.47,42.7
9.47,42.7
9.47,42.7
9.47,42.7
9.47,42.7
9.47,42.7
9.47,42.7
9.47,42.7
9.47,42.7
9.47,42.7
9.47,42.7
9.47,42.7
9.47,42.7
9.47,42.7
9.47,42.7
9.47,42.7
9.47,42.7
9.47,42.7
9.47,42.7
9.47,42.7
9.47,42.7
9.47,42.7
9.47,42.7
9.47,42.7
9.47,42.7
9.47,42.7
9.47,42.7
9.48,41.9
9.48,41.9
9.48,41.9
9.48,41.9
9.48,41.9
9.48,41.9
9.48,41.9
9.48,41.9
9.48,41.9
9.48,41.9
9.48,41.9
9.48,41.9
9.48,41.9
9.48,41.9
9.48,41.9
9.48,41.9
9.48,41.9
9.48,41.9
9.48,41.9
9.48,41.9
9.48,41.9
9.48,41.9
9.48,41.9
9.48,41.9
9.48,41.9
9.48,41.9
9.48,41.9
9.48,41.9
9.48,41.9
9.48,41.9
9.52,41.83
9.52,41.83
9.52,41.83
9.52,41.83
9.52,41.83
9.52,41.83
9.52,41.83
9.52,41.83
9.52,41.83
9.52,41.83
9.52,41.83
9.52,41.83
9.52,41.83
9.52,41.83
9.52,41.83
9.52,41.83
9.52,41.83
9.52,41.83
9.52,41.83
9.52,41.83
9.52,41.83
9.52,41.83
9.52,41.83
9.52,41.83
9.52,41.83
9.52,41.83
9.52,41.83
9.52,41.83
9.52,41.83
9.52,41.83
9.45,42.01
9.45,42.01
9.45,42.01
9.45,42.01
9.45,42.01
9.45,42.01
9.45,42.01
9.45,42.01
9.45,42.01
9.45,42.01
9.45,42.01
9.45,42.01
9.45,42.01
9.45,42.01
9.45,42.01
9.45,42.01
9.45,42.01
9.45,42.01
9.45,42.01
9.45,42.01
9.45,42.01
9.45,42.01
9.45,42.01
9.45,42.01
9.45,42.01
9.45,42.01
9.45,42.01
9.45,42.01
9.45,42.01
9.45,42.01
9.52,42.68
9.52,42.68
9.52,42.68
9.52,42.68
9.52,42.68
9.52,42.68
9.52,42.68
9.52,42.68
9.52,42.68
9.52,42.68
9.52,42.68
9.52,42.68
9.52,42.68
9.52,42.68
9.52,42.68
9.52,42.68
9.52,42.68
9.52,42.68
9.52,42.68
9.52,42.68
9.52,42.68
9.52,42.68
9.52,42.68
9.52,42.68
9.52,42.68
9.52,42.68
9.52,42.68
9.52,42.68
9.52,42.68
9.52,42.68
9.35,38.36
9.35,38.36
9.35,38.36
9.35,38.36
9.35,38.36
9.35,38.36
9.35,38.36
9.35,38.36
9.35,38.36
9.35,38.36
9.35,38.36
9.35,38.36
9.35,38.36
9.35,38.36
9.35,38.36
9.35,38.36
9.35,38.36
9.35,38.36
9.35,38.36
9.35,38.36
9.35,38.36
9.35,38.36
9.35,38.36
9.35,38.36
9.35,38.36
9.35,38.36
9.35,38.36
9.35,38.36
9.35,38.36
9.35,38.36
9.35,38.36
9.35,38.36
9.35,38.36
9.35,38.36
9.35,38.36
9.35,38.36
9.35,38.36
9.35,38.36
9.35,38.36
9.35,38.36
9.35,38.36
9.35,38.36
9.35,38.36
9.35,38.36
9.35,38.36
9.35,38.36
9.35,38.36
9.35,38.36
9.35,38.36
9.35,38.36
9.35,38.36
9.35,38.36
9.35,38.36
9.35,38.36
9.35,38.36
9.35,38.36
9.35,38.36
9.35,38.36
9.35,38.36
9.35,38.36
9.48,38.34
9.48,38.34
9.48,38.34
9.48,38.34
9.48,38.34
9.48,38.34
9.48,38.34
9.48,38.34
9.48,38.34
9.48,38.34
9.48,38.34
9.48,38.34
9.48,38.34
9.48,38.34
9.48,38.34
9.48,38.34
9.48,38.34
9.48,38.34
9.48,38.34
9.48,38.34
9.48,38.34
9.48,38.34
9.48,38.34
9.48,38.34
9.48,38.34
9.48,38.34
9.48,38.34
9.48,38.34
9.48,38.34
9.48,38.34
9.5,38.34
9.5,38.34
9.5,38.34
9.5,38.34
9.5,38.34
9.5,38.34
9.5,38.34
9.5,38.34
9.5,38.34
9.5,38.34
9.5,38.34
9.5,38.34
9.5,38.34
9.5,38.34
9.5,38.34
9.5,38.34
9.5,38.34
9.5,38.34
9.5,38.34
9.5,38.34
9.5,38.34
9.5,38.34
9.5,38.34
9.5,38.34
9.5,38.34
9.5,38.34
9.5,38.34
9.5,38.34
9.5,38.34
9.5,38.34
9.48,38.34
9.48,38.34
9.48,38.34
9.48,38.34
9.48,38.34
9.48,38.34
9.48,38.34
9.48,38.34
9.48,38.34
9.48,38.34
9.48,38.34
9.48,38.34
9.48,38.34
9.48,38.34
9.48,38.34
9.48,38.34
9.48,38.34
9.48,38.34
9.48,38.34
9.48,38.34
9.48,38.34
9.48,38.34
9.48,38.34
9.48,38.34
9.48,38.34
9.48,38.34
9.48,38.34
9.48,38.34
9.48,38.34
9.48,38.34
8.01,35.22
8.01,35.22
8.01,35.22
8.01,35.22
8.01,35.22
8.01,35.22
8.01,35.22
8.01,35.22
8.01,35.22
8.01,35.22
8.01,35.22
8.01,35.22
8.01,35.22
8.01,35.22
8.01,35.22
8.01,35.22
8.01,35.22
8.01,35.22
8.01,35.22
8.01,35.22
8.01,35.22
8.01,35.22
8.01,35.22
8.01,35.22
8.01,35.22
8.01,35.22
8.01,35.22
8.01,35.22
8.01,35.22
8.01,35.22
8.96,35.16
8.96,35.16
8.96,35.16
8.96,35.16
8.96,35.16
8.96,35.16
8.96,35.16
8.96,35.16
8.96,35.16
8.96,35.16
8.96,35.16
8.96,35.16
8.96,35.16
8.96,35.16
8.96,35.16
8.96,35.16
8.96,35.16
8.96,35.16
8.96,35.16
8.96,35.16
8.96,35.16
8.96,35.16
8.96,35.16
8.96,35.16
8.96,35.16
8.96,35.16
8.96,35.16
8.96,35.16
8.96,35.16
8.96,35.16
8.49,40.56
8.49,40.56
8.49,40.56
8.49,40.56
8.49,40.56
8.49,40.56
8.49,40.56
8.49,40.56
8.49,40.56
8.49,40.56
8.49,40.56
8.49,40.56
8.49,40.56
8.49,40.56
8.49,40.56
8.49,40.56
8.49,40.56
8.49,40.56
8.49,40.56
8.49,40.56
8.49,40.56
8.49,40.56
8.49,40.56
8.49,40.56
8.49,40.56
8.49,40.56
8.49,40.56
8.49,40.56
8.49,40.56
8.49,40.56
8.51,40.53
8.51,40.53
8.51,40.53
8.51,40.53
8.51,40.53
8.51,40.53
8.51,40.53
8.51,40.53
8.51,40.53
8.51,40.53
8.51,40.53
8.51,40.53
8.51,40.53
8.51,40.53
8.51,40.53
8.51,40.53
8.51,40.53
8.51,40.53
8.51,40.53
8.51,40.53
8.51,40.53
8.51,40.53
8.51,40.53
8.51,40.53
8.51,40.53
8.51,40.53
8.51,40.53
8.51,40.53
8.51,40.53
8.51,40.53
8.51,40.4
8.51,40.4
8.51,40.4
8.51,40.4
8.51,40.4
8.51,40.4
8.51,40.4
8.51,40.4
8.51,40.4
8.51,40.4
8.51,40.4
8.51,40.4
8.51,40.4
8.51,40.4
8.51,40.4
8.51,40.4
8.51,40.4
8.51,40.4
8.51,40.4
8.51,40.4
8.51,40.4
8.51,40.4
8.51,40.4
8.51,40.4
8.51,40.4
8.51,40.4
8.51,40.4
8.51,40.4
8.51,40.4
8.51,40.4
8.73,36.48
8.73,36.48
8.73,36.48
8.73,36.48
8.73,36.48
8.73,36.48
8.73,36.48
8.73,36.48
8.73,36.48
8.73,36.48
8.73,36.48
8.73,36.48
8.73,36.48
8.73,36.48
8.73,36.48
8.73,36.48
8.73,36.48
8.73,36.48
8.73,36.48
8.73,36.48
8.73,36.48
8.73,36.48
8.73,36.48
8.73,36.48
8.73,36.48
8.73,36.48
8.73,36.48
8.73,36.48
8.73,36.48
8.73,36.48
8.77,36.5
8.77,36.5
8.77,36.5
8.77,36.5
8.77,36.5
8.77,36.5
8.77,36.5
8.77,36.5
8.77,36.5
8.77,36.5
8.77,36.5
8.77,36.5
8.77,36.5
8.77,36.5
8.77,36.5
8.77,36.5
8.77,36.5
8.77,36.5
8.77,36.5
8.77,36.5
8.77,36.5
8.77,36.5
8.77,36.5
8.77,36.5
8.77,36.5
8.77,36.5
8.77,36.5
8.77,36.5
8.77,36.5
8.77,36.5
8.81,36.48
8.81,36.48
8.81,36.48
8.81,36.48
8.81,36.48
8.81,36.48
8.81,36.48
8.81,36.48
8.81,36.48
8.81,36.48
8.81,36.48
8.81,36.48
8.81,36.48
8.81,36.48
8.81,36.48
8.81,36.48
8.81,36.48
8.81,36.48
8.81,36.48
8.81,36.48
8.81,36.48
8.81,36.48
8.81,36.48
8.81,36.48
8.81,36.48
8.81,36.48
8.81,36.48
8.81,36.48
8.81,36.48
8.81,36.48
8.8,36.48
8.8,36.48
8.8,36.48
8.8,36.48
8.8,36.48
8.8,36.48
8.8,36.48
8.8,36.48
8.8,36.48
8.8,36.48
8.8,36.48
8.8,36.48
8.8,36.48
8.8,36.48
8.8,36.48
8.8,36.48
8.8,36.48
8.8,36.48
8.8,36.48
8.8,36.48
8.8,36.48
8.8,36.48
8.8,36.48
8.8,36.48
8.8,36.48
8.8,36.48
8.8,36.48
8.8,36.48
8.8,36.48
8.8,36.48
8.82,36.48
8.82,36.48
8.82,36.48
8.82,36.48
8.82,36.48
8.82,36.48
8.82,36.48
8.82,36.48
8.82,36.48
8.82,36.48
8.82,36.48
8.82,36.48
8.82,36.48
8.82,36.48
8.82,36.48
8.82,36.48
8.82,36.48
8.82,36.48
8.82,36.48
8.82,36.48
8.82,36.48
8.82,36.48
8.82,36.48
8.82,36.48
8.82,36.48
8.82,36.48
8.82,36.48
8.82,36.48
8.82,36.48
8.82,36.48
7.15,40.68
7.15,40.68
7.15,40.68
7.15,40.68
7.15,40.68
7.15,40.68
7.15,40.68
7.15,40.68
7.15,40.68
7.15,40.68
7.15,40.68
7.15,40.68
7.15,40.68
7.15,40.68
7.15,40.68
7.15,40.68
7.15,40.68
7.15,40.68
7.15,40.68
7.15,40.68
7.15,40.68
7.15,40.68
7.15,40.68
7.15,40.68
7.15,40.68
7.15,40.68
7.15,40.68
7.15,40.68
7.15,40.68
7.15,40.68
7.14,40.67
7.14,40.67
7.14,40.67
7.14,40.67
7.14,40.67
7.14,40.67
7.14,40.67
7.14,40.67
7.14,40.67
7.14,40.67
7.14,40.67
7.14,40.67
7.14,40.67
7.14,40.67
7.14,40.67
7.14,40.67
7.14,40.67
7.14,40.67
7.14,40.67
7.14,40.67
7.14,40.67
7.14,40.67
7.14,40.67
7.14,40.67
7.14,40.67
7.14,40.67
7.14,40.67
7.14,40.67
7.14,40.67
7.14,40.67
7.15,40.66
7.15,40.66
7.15,40.66
7.15,40.66
7.15,40.66
7.15,40.66
7.15,40.66
7.15,40.66
7.15,40.66
7.15,40.66
7.15,40.66
7.15,40.66
7.15,40.66
7.15,40.66
7.15,40.66
7.15,40.66
7.15,40.66
7.15,40.66
7.15,40.66
7.15,40.66
7.15,40.66
7.15,40.66
7.15,40.66
7.15,40.66
7.15,40.66
7.15,40.66
7.15,40.66
7.15,40.66
7.15,40.66
7.15,40.66
7.17,40.63
7.17,40.63
7.17,40.63
7.17,40.63
7.17,40.63
7.17,40.63
7.17,40.63
7.17,40.63
7.17,40.63
7.17,40.63
7.17,40.63
7.17,40.63
7.17,40.63
7.17,40.63
7.17,40.63
7.17,40.63
7.17,40.63
7.17,40.63
7.17,40.63
7.17,40.63
7.17,40.63
7.17,40.63
7.17,40.63
7.17,40.63
7.17,40.63
7.17,40.63
7.17,40.63
7.17,40.63
7.17,40.63
7.17,40.63
7.2,40.58
7.2,40.58
7.2,40.58
7.2,40.58
7.2,40.58
7.2,40.58
7.2,40.58
7.2,40.58
7.2,40.58
7.2,40.58
7.2,40.58
7.2,40.58
7.2,40.58
7.2,40.58
7.2,40.58
7.2,40.58
7.2,40.58
7.2,40.58
7.2,40.58
7.2,40.58
7.2,40.58
7.2,40.58
7.2,40.58
7.2,40.58
7.2,40.58
7.2,40.58
7.2,40.58
7.2,40.58
7.2,40.58
7.2,40.58
7.12,40.04
7.12,40.04
7.12,40.04
7.12,40.04
7.12,40.04
7.12,40.04
7.12,40.04
7.12,40.04
7.12,40.04
7.12,40.04
7.12,40.04
7.12,40.04
7.12,40.04
7.12,40.04
7.12,40.04
7.12,40.04
7.12,40.04
7.12,40.04
7.12,40.04
7.12,40.04
7.12,40.04
7.12,40.04
7.12,40.04
7.12,40.04
7.12,40.04
7.12,40.04
7.12,40.04
7.12,40.04
7.12,40.04
7.12,40.04
7.01,39.35
7.01,39.35
7.01,39.35
7.01,39.35
7.01,39.35
7.01,39.35
7.01,39.35
7.01,39.35
7.01,39.35
7.01,39.35
7.01,39.35
7.01,39.35
7.01,39.35
7.01,39.35
7.01,39.35
7.01,39.35
7.01,39.35
7.01,39.35
7.01,39.35
7.01,39.35
7.01,39.35
7.01,39.35
7.01,39.35
7.01,39.35
7.01,39.35
7.01,39.35
7.01,39.35
7.01,39.35
7.01,39.35
7.01,39.35
7,39.15
7,39.15
7,39.15
7,39.15
7,39.15
7,39.15
7,39.15
7,39.15
7,39.15
7,39.15
7,39.15
7,39.15
7,39.15
7,39.15
7,39.15
7,39.15
7,39.15
7,39.15
7,39.15
7,39.15
7,39.15
7,39.15
7,39.15
7,39.15
7,39.15
7,39.15
7,39.15
7,39.15
7,39.15
7,39.15
6.99,39.14
6.99,39.14
6.99,39.14
6.99,39.14
6.99,39.14
6.99,39.14
6.99,39.14
6.99,39.14
6.99,39.14
6.99,39.14
6.99,39.14
6.99,39.14
6.99,39.14
6.99,39.14
6.99,39.14
6.99,39.14
6.99,39.14
6.99,39.14
6.99,39.14
6.99,39.14
6.99,39.14
6.99,39.14
6.99,39.14
6.99,39.14
6.99,39.14
6.99,39.14
6.99,39.14
6.99,39.14
6.99,39.14
6.99,39.14
7.07,40.21
7.07,40.21
7.07,40.21
7.07,40.21
7.07,40.21
7.07,40.21
7.07,40.21
7.07,40.21
7.07,40.21
7.07,40.21
7.07,40.21
7.07,40.21
7.07,40.21
7.07,40.21
7.07,40.21
7.07,40.21
7.07,40.21
7.07,40.21
7.07,40.21
7.07,40.21
7.07,40.21
7.07,40.21
7.07,40.21
7.07,40.21
7.07,40.21
7.07,40.21
7.07,40.21
7.07,40.21
7.07,40.21
7.07,40.21
7.07,40.19
7.07,40.19
7.07,40.19
7.07,40.19
7.07,40.19
7.07,40.19
7.07,40.19
7.07,40.19
7.07,40.19
7.07,40.19
7.07,40.19
7.07,40.19
7.07,40.19
7.07,40.19
7.07,40.19
7.07,40.19
7.07,40.19
7.07,40.19
7.07,40.19
7.07,40.19
7.07,40.19
7.07,40.19
7.07,40.19
7.07,40.19
7.07,40.19
7.07,40.19
7.07,40.19
7.07,40.19
7.07,40.19
7.07,40.19
7.12,40.1
7.12,40.1
7.12,40.1
7.12,40.1
7.12,40.1
7.12,40.1
7.12,40.1
7.12,40.1
7.12,40.1
7.12,40.1
7.12,40.1
7.12,40.1
7.12,40.1
7.12,40.1
7.12,40.1
7.12,40.1
7.12,40.1
7.12,40.1
7.12,40.1
7.12,40.1
7.12,40.1
7.12,40.1
7.12,40.1
7.12,40.1
7.12,40.1
7.12,40.1
7.12,40.1
7.12,40.1
7.12,40.1
7.12,40.1
7.06,39.98
7.06,39.98
7.06,39.98
7.06,39.98
7.06,39.98
7.06,39.98
7.06,39.98
7.06,39.98
7.06,39.98
7.06,39.98
7.06,39.98
7.06,39.98
7.06,39.98
7.06,39.98
7.06,39.98
7.06,39.98
7.06,39.98
7.06,39.98
7.06,39.98
7.06,39.98
7.06,39.98
7.06,39.98
7.06,39.98
7.06,39.98
7.06,39.98
7.06,39.98
7.06,39.98
7.06,39.98
7.06,39.98
7.06,39.98
7.27,36.41
7.27,36.41
7.27,36.41
7.27,36.41
7.27,36.41
7.27,36.41
7.27,36.41
7.27,36.41
7.27,36.41
7.27,36.41
7.27,36.41
7.27,36.41
7.27,36.41
7.27,36.41
7.27,36.41
7.27,36.41
7.27,36.41
7.27,36.41
7.27,36.41
7.27,36.41
7.27,36.41
7.27,36.41
7.27,36.41
7.27,36.41
7.27,36.41
7.27,36.41
7.27,36.41
7.27,36.41
7.27,36.41
7.27,36.41
7.26,36.39
7.26,36.39
7.26,36.39
7.26,36.39
7.26,36.39
7.26,36.39
7.26,36.39
7.26,36.39
7.26,36.39
7.26,36.39
7.26,36.39
7.26,36.39
7.26,36.39
7.26,36.39
7.26,36.39
7.26,36.39
7.26,36.39
7.26,36.39
7.26,36.39
7.26,36.39
7.26,36.39
7.26,36.39
7.26,36.39
7.26,36.39
7.26,36.39
7.26,36.39
7.26,36.39
7.26,36.39
7.26,36.39
7.26,36.39
7.26,36.42
7.26,36.42
7.26,36.42
7.26,36.42
7.26,36.42
7.26,36.42
7.26,36.42
7.26,36.42
7.26,36.42
7.26,36.42
7.26,36.42
7.26,36.42
7.26,36.42
7.26,36.42
7.26,36.42
7.26,36.42
7.26,36.42
7.26,36.42
7.26,36.42
7.26,36.42
7.26,36.42
7.26,36.42
7.26,36.42
7.26,36.42
7.26,36.42
7.26,36.42
7.26,36.42
7.26,36.42
7.26,36.42
7.26,36.42
7.29,36.39
7.29,36.39
7.29,36.39
7.29,36.39
7.29,36.39
7.29,36.39
7.29,36.39
7.29,36.39
7.29,36.39
7.29,36.39
7.29,36.39
7.29,36.39
7.29,36.39
7.29,36.39
7.29,36.39
7.29,36.39
7.29,36.39
7.29,36.39
7.29,36.39
7.29,36.39
7.29,36.39
7.29,36.39
7.29,36.39
7.29,36.39
7.29,36.39
7.29,36.39
7.29,36.39
7.29,36.39
7.29,36.39
7.29,36.39
7.29,36.39
7.29,36.39
7.29,36.39
7.29,36.39
7.29,36.39
7.29,36.39
7.29,36.39
7.29,36.39
7.29,36.39
7.29,36.39
7.29,36.39
7.29,36.39
7.29,36.39
7.29,36.39
7.29,36.39
7.29,36.39
7.29,36.39
7.29,36.39
7.29,36.39
7.29,36.39
7.29,36.39
7.29,36.39
7.29,36.39
7.29,36.39
7.29,36.39
7.29,36.39
7.29,36.39
7.29,36.39
7.29,36.39
7.29,36.39
7.28,36.4
7.28,36.4
7.28,36.4
7.28,36.4
7.28,36.4
7.28,36.4
7.28,36.4
7.28,36.4
7.28,36.4
7.28,36.4
7.28,36.4
7.28,36.4
7.28,36.4
7.28,36.4
7.28,36.4
7.28,36.4
7.28,36.4
7.28,36.4
7.28,36.4
7.28,36.4
7.28,36.4
7.28,36.4
7.28,36.4
7.28,36.4
7.28,36.4
7.28,36.4
7.28,36.4
7.28,36.4
7.28,36.4
7.28,36.4
7.29,36.4
7.29,36.4
7.29,36.4
7.29,36.4
7.29,36.4
7.29,36.4
7.29,36.4
7.29,36.4
7.29,36.4
7.29,36.4
7.29,36.4
7.29,36.4
7.29,36.4
7.29,36.4
7.29,36.4
7.29,36.4
7.29,36.4
7.29,36.4
7.29,36.4
7.29,36.4
7.29,36.4
7.29,36.4
7.29,36.4
7.29,36.4
7.29,36.4
7.29,36.4
7.29,36.4
7.29,36.4
7.29,36.4
7.29,36.4
7.27,36.41
7.27,36.41
7.27,36.41
7.27,36.41
7.27,36.41
7.27,36.41
7.27,36.41
7.27,36.41
7.27,36.41
7.27,36.41
7.27,36.41
7.27,36.41
7.27,36.41
7.27,36.41
7.27,36.41
7.27,36.41
7.27,36.41
7.27,36.41
7.27,36.41
7.27,36.41
7.27,36.41
7.27,36.41
7.27,36.41
7.27,36.41
7.27,36.41
7.27,36.41
7.27,36.41
7.27,36.41
7.27,36.41
7.27,36.41
7.27,36.41
7.27,36.41
7.27,36.41
7.27,36.41
7.27,36.41
7.27,36.41
7.27,36.41
7.27,36.41
7.27,36.41
7.27,36.41
7.27,36.41
7.27,36.41
7.27,36.41
7.27,36.41
7.27,36.41
7.27,36.41
7.27,36.41
7.27,36.41
7.27,36.41
7.27,36.41
7.27,36.41
7.27,36.41
7.27,36.41
7.27,36.41
7.27,36.41
7.27,36.41
7.27,36.41
7.27,36.41
7.27,36.41
7.27,36.41
7.29,36.4
7.29,36.4
7.29,36.4
7.29,36.4
7.29,36.4
7.29,36.4
7.29,36.4
7.29,36.4
7.29,36.4
7.29,36.4
7.29,36.4
7.29,36.4
7.29,36.4
7.29,36.4
7.29,36.4
7.29,36.4
7.29,36.4
7.29,36.4
7.29,36.4
7.29,36.4
7.29,36.4
7.29,36.4
7.29,36.4
7.29,36.4
7.29,36.4
7.29,36.4
7.29,36.4
7.29,36.4
7.29,36.4
7.29,36.4
7.31,37.83
7.31,37.83
7.31,37.83
7.31,37.83
7.31,37.83
7.31,37.83
7.31,37.83
7.31,37.83
7.31,37.83
7.31,37.83
7.31,37.83
7.31,37.83
7.31,37.83
7.31,37.83
7.31,37.83
7.31,37.83
7.31,37.83
7.31,37.83
7.31,37.83
7.31,37.83
7.31,37.83
7.31,37.83
7.31,37.83
7.31,37.83
7.31,37.83
7.31,37.83
7.31,37.83
7.31,37.83
7.31,37.83
7.31,37.83
7.27,36.41
7.27,36.41
7.27,36.41
7.27,36.41
7.27,36.41
7.27,36.41
7.27,36.41
7.27,36.41
7.27,36.41
7.27,36.41
7.27,36.41
7.27,36.41
7.27,36.41
7.27,36.41
7.27,36.41
7.27,36.41
7.27,36.41
7.27,36.41
7.27,36.41
7.27,36.41
7.27,36.41
7.27,36.41
7.27,36.41
7.27,36.41
7.27,36.41
7.27,36.41
7.27,36.41
7.27,36.41
7.27,36.41
7.27,36.41
7.28,36.39
7.28,36.39
7.28,36.39
7.28,36.39
7.28,36.39
7.28,36.39
7.28,36.39
7.28,36.39
7.28,36.39
7.28,36.39
7.28,36.39
7.28,36.39
7.28,36.39
7.28,36.39
7.28,36.39
7.28,36.39
7.28,36.39
7.28,36.39
7.28,36.39
7.28,36.39
7.28,36.39
7.28,36.39
7.28,36.39
7.28,36.39
7.28,36.39
7.28,36.39
7.28,36.39
7.28,36.39
7.28,36.39
7.28,36.39
7.26,36.42
7.26,36.42
7.26,36.42
7.26,36.42
7.26,36.42
7.26,36.42
7.26,36.42
7.26,36.42
7.26,36.42
7.26,36.42
7.26,36.42
7.26,36.42
7.26,36.42
7.26,36.42
7.26,36.42
7.26,36.42
7.26,36.42
7.26,36.42
7.26,36.42
7.26,36.42
7.26,36.42
7.26,36.42
7.26,36.42
7.26,36.42
7.26,36.42
7.26,36.42
7.26,36.42
7.26,36.42
7.26,36.42
7.26,36.42
5.81,36.64
5.81,36.64
5.81,36.64
5.81,36.64
5.81,36.64
5.81,36.64
5.81,36.64
5.81,36.64
5.81,36.64
5.81,36.64
5.81,36.64
5.81,36.64
5.81,36.64
5.81,36.64
5.81,36.64
5.81,36.64
5.81,36.64
5.81,36.64
5.81,36.64
5.81,36.64
5.81,36.64
5.81,36.64
5.81,36.64
5.81,36.64
5.81,36.64
5.81,36.64
5.81,36.64
5.81,36.64
5.81,36.64
5.81,36.64
5.8,36.63
5.8,36.63
5.8,36.63
5.8,36.63
5.8,36.63
5.8,36.63
5.8,36.63
5.8,36.63
5.8,36.63
5.8,36.63
5.8,36.63
5.8,36.63
5.8,36.63
5.8,36.63
5.8,36.63
5.8,36.63
5.8,36.63
5.8,36.63
5.8,36.63
5.8,36.63
5.8,36.63
5.8,36.63
5.8,36.63
5.8,36.63
5.8,36.63
5.8,36.63
5.8,36.63
5.8,36.63
5.8,36.63
5.8,36.63
5.8,36.64
5.8,36.64
5.8,36.64
5.8,36.64
5.8,36.64
5.8,36.64
5.8,36.64
5.8,36.64
5.8,36.64
5.8,36.64
5.8,36.64
5.8,36.64
5.8,36.64
5.8,36.64
5.8,36.64
5.8,36.64
5.8,36.64
5.8,36.64
5.8,36.64
5.8,36.64
5.8,36.64
5.8,36.64
5.8,36.64
5.8,36.64
5.8,36.64
5.8,36.64
5.8,36.64
5.8,36.64
5.8,36.64
5.8,36.64
5.8,36.63
5.8,36.63
5.8,36.63
5.8,36.63
5.8,36.63
5.8,36.63
5.8,36.63
5.8,36.63
5.8,36.63
5.8,36.63
5.8,36.63
5.8,36.63
5.8,36.63
5.8,36.63
5.8,36.63
5.8,36.63
5.8,36.63
5.8,36.63
5.8,36.63
5.8,36.63
5.8,36.63
5.8,36.63
5.8,36.63
5.8,36.63
5.8,36.63
5.8,36.63
5.8,36.63
5.8,36.63
5.8,36.63
5.8,36.63
5.83,36.66
5.83,36.66
5.83,36.66
5.83,36.66
5.83,36.66
5.83,36.66
5.83,36.66
5.83,36.66
5.83,36.66
5.83,36.66
5.83,36.66
5.83,36.66
5.83,36.66
5.83,36.66
5.83,36.66
5.83,36.66
5.83,36.66
5.83,36.66
5.83,36.66
5.83,36.66
5.83,36.66
5.83,36.66
5.83,36.66
5.83,36.66
5.83,36.66
5.83,36.66
5.83,36.66
5.83,36.66
5.83,36.66
5.83,36.66
5.84,36.68
5.84,36.68
5.84,36.68
5.84,36.68
5.84,36.68
5.84,36.68
5.84,36.68
5.84,36.68
5.84,36.68
5.84,36.68
5.84,36.68
5.84,36.68
5.84,36.68
5.84,36.68
5.84,36.68
5.84,36.68
5.84,36.68
5.84,36.68
5.84,36.68
5.84,36.68
5.84,36.68
5.84,36.68
5.84,36.68
5.84,36.68
5.84,36.68
5.84,36.68
5.84,36.68
5.84,36.68
5.84,36.68
5.84,36.68
5.84,36.69
5.84,36.69
5.84,36.69
5.84,36.69
5.84,36.69
5.84,36.69
5.84,36.69
5.84,36.69
5.84,36.69
5.84,36.69
5.84,36.69
5.84,36.69
5.84,36.69
5.84,36.69
5.84,36.69
5.84,36.69
5.84,36.69
5.84,36.69
5.84,36.69
5.84,36.69
5.84,36.69
5.84,36.69
5.84,36.69
5.84,36.69
5.84,36.69
5.84,36.69
5.84,36.69
5.84,36.69
5.84,36.69
5.84,36.69
7.38,37.85
7.38,37.85
7.38,37.85
7.38,37.85
7.38,37.85
7.38,37.85
7.38,37.85
7.38,37.85
7.38,37.85
7.38,37.85
7.38,37.85
7.38,37.85
7.38,37.85
7.38,37.85
7.38,37.85
7.38,37.85
7.38,37.85
7.38,37.85
7.38,37.85
7.38,37.85
7.38,37.85
7.38,37.85
7.38,37.85
7.38,37.85
7.38,37.85
7.38,37.85
7.38,37.85
7.38,37.85
7.38,37.85
7.38,37.85
5.89,36.62
5.89,36.62
5.89,36.62
5.89,36.62
5.89,36.62
5.89,36.62
5.89,36.62
5.89,36.62
5.89,36.62
5.89,36.62
5.89,36.62
5.89,36.62
5.89,36.62
5.89,36.62
5.89,36.62
5.89,36.62
5.89,36.62
5.89,36.62
5.89,36.62
5.89,36.62
5.89,36.62
5.89,36.62
5.89,36.62
5.89,36.62
5.89,36.62
5.89,36.62
5.89,36.62
5.89,36.62
5.89,36.62
5.89,36.62
5.89,36.61
5.89,36.61
5.89,36.61
5.89,36.61
5.89,36.61
5.89,36.61
5.89,36.61
5.89,36.61
5.89,36.61
5.89,36.61
5.89,36.61
5.89,36.61
5.89,36.61
5.89,36.61
5.89,36.61
5.89,36.61
5.89,36.61
5.89,36.61
5.89,36.61
5.89,36.61
5.89,36.61
5.89,36.61
5.89,36.61
5.89,36.61
5.89,36.61
5.89,36.61
5.89,36.61
5.89,36.61
5.89,36.61
5.89,36.61
5.88,36.63
5.88,36.63
5.88,36.63
5.88,36.63
5.88,36.63
5.88,36.63
5.88,36.63
5.88,36.63
5.88,36.63
5.88,36.63
5.88,36.63
5.88,36.63
5.88,36.63
5.88,36.63
5.88,36.63
5.88,36.63
5.88,36.63
5.88,36.63
5.88,36.63
5.88,36.63
5.88,36.63
5.88,36.63
5.88,36.63
5.88,36.63
5.88,36.63
5.88,36.63
5.88,36.63
5.88,36.63
5.88,36.63
5.88,36.63
5.88,36.63
5.88,36.63
5.88,36.63
5.88,36.63
5.88,36.63
5.88,36.63
5.88,36.63
5.88,36.63
5.88,36.63
5.88,36.63
5.88,36.63
5.88,36.63
5.88,36.63
5.88,36.63
5.88,36.63
5.88,36.63
5.88,36.63
5.88,36.63
5.88,36.63
5.88,36.63
5.88,36.63
5.88,36.63
5.88,36.63
5.88,36.63
5.88,36.63
5.88,36.63
5.88,36.63
5.88,36.63
5.88,36.63
5.88,36.63
5.87,36.62
5.87,36.62
5.87,36.62
5.87,36.62
5.87,36.62
5.87,36.62
5.87,36.62
5.87,36.62
5.87,36.62
5.87,36.62
5.87,36.62
5.87,36.62
5.87,36.62
5.87,36.62
5.87,36.62
5.87,36.62
5.87,36.62
5.87,36.62
5.87,36.62
5.87,36.62
5.87,36.62
5.87,36.62
5.87,36.62
5.87,36.62
5.87,36.62
5.87,36.62
5.87,36.62
5.87,36.62
5.87,36.62
5.87,36.62
7.27,38.13
7.27,38.13
7.27,38.13
7.27,38.13
7.27,38.13
7.27,38.13
7.27,38.13
7.27,38.13
7.27,38.13
7.27,38.13
7.27,38.13
7.27,38.13
7.27,38.13
7.27,38.13
7.27,38.13
7.27,38.13
7.27,38.13
7.27,38.13
7.27,38.13
7.27,38.13
7.27,38.13
7.27,38.13
7.27,38.13
7.27,38.13
7.27,38.13
7.27,38.13
7.27,38.13
7.27,38.13
7.27,38.13
7.27,38.13
7.27,38.13
7.27,38.13
7.27,38.13
7.27,38.13
7.27,38.13
7.27,38.13
7.27,38.13
7.27,38.13
7.27,38.13
7.27,38.13
7.27,38.13
7.27,38.13
7.27,38.13
7.27,38.13
7.27,38.13
7.27,38.13
7.27,38.13
7.27,38.13
7.27,38.13
7.27,38.13
7.27,38.13
7.27,38.13
7.27,38.13
7.27,38.13
7.27,38.13
7.27,38.13
7.27,38.13
7.27,38.13
7.27,38.13
7.27,38.13
7.28,38.14
7.28,38.14
7.28,38.14
7.28,38.14
7.28,38.14
7.28,38.14
7.28,38.14
7.28,38.14
7.28,38.14
7.28,38.14
7.28,38.14
7.28,38.14
7.28,38.14
7.28,38.14
7.28,38.14
7.28,38.14
7.28,38.14
7.28,38.14
7.28,38.14
7.28,38.14
7.28,38.14
7.28,38.14
7.28,38.14
7.28,38.14
7.28,38.14
7.28,38.14
7.28,38.14
7.28,38.14
7.28,38.14
7.28,38.14
7.27,38.14
7.27,38.14
7.27,38.14
7.27,38.14
7.27,38.14
7.27,38.14
7.27,38.14
7.27,38.14
7.27,38.14
7.27,38.14
7.27,38.14
7.27,38.14
7.27,38.14
7.27,38.14
7.27,38.14
7.27,38.14
7.27,38.14
7.27,38.14
7.27,38.14
7.27,38.14
7.27,38.14
7.27,38.14
7.27,38.14
7.27,38.14
7.27,38.14
7.27,38.14
7.27,38.14
7.27,38.14
7.27,38.14
7.27,38.14
7.3,38.12
7.3,38.12
7.3,38.12
7.3,38.12
7.3,38.12
7.3,38.12
7.3,38.12
7.3,38.12
7.3,38.12
7.3,38.12
7.3,38.12
7.3,38.12
7.3,38.12
7.3,38.12
7.3,38.12
7.3,38.12
7.3,38.12
7.3,38.12
7.3,38.12
7.3,38.12
7.3,38.12
7.3,38.12
7.3,38.12
7.3,38.12
7.3,38.12
7.3,38.12
7.3,38.12
7.3,38.12
7.3,38.12
7.3,38.12
7.32,37.85
7.32,37.85
7.32,37.85
7.32,37.85
7.32,37.85
7.32,37.85
7.32,37.85
7.32,37.85
7.32,37.85
7.32,37.85
7.32,37.85
7.32,37.85
7.32,37.85
7.32,37.85
7.32,37.85
7.32,37.85
7.32,37.85
7.32,37.85
7.32,37.85
7.32,37.85
7.32,37.85
7.32,37.85
7.32,37.85
7.32,37.85
7.32,37.85
7.32,37.85
7.32,37.85
7.32,37.85
7.32,37.85
7.32,37.85
7.29,38.12
7.29,38.12
7.29,38.12
7.29,38.12
7.29,38.12
7.29,38.12
7.29,38.12
7.29,38.12
7.29,38.12
7.29,38.12
7.29,38.12
7.29,38.12
7.29,38.12
7.29,38.12
7.29,38.12
7.29,38.12
7.29,38.12
7.29,38.12
7.29,38.12
7.29,38.12
7.29,38.12
7.29,38.12
7.29,38.12
7.29,38.12
7.29,38.12
7.29,38.12
7.29,38.12
7.29,38.12
7.29,38.12
7.29,38.12
7.29,38.13
7.29,38.13
7.29,38.13
7.29,38.13
7.29,38.13
7.29,38.13
7.29,38.13
7.29,38.13
7.29,38.13
7.29,38.13
7.29,38.13
7.29,38.13
7.29,38.13
7.29,38.13
7.29,38.13
7.29,38.13
7.29,38.13
7.29,38.13
7.29,38.13
7.29,38.13
7.29,38.13
7.29,38.13
7.29,38.13
7.29,38.13
7.29,38.13
7.29,38.13
7.29,38.13
7.29,38.13
7.29,38.13
7.29,38.13
7.29,38.13
7.29,38.13
7.29,38.13
7.29,38.13
7.29,38.13
7.29,38.13
7.29,38.13
7.29,38.13
7.29,38.13
7.29,38.13
7.29,38.13
7.29,38.13
7.29,38.13
7.29,38.13
7.29,38.13
7.29,38.13
7.29,38.13
7.29,38.13
7.29,38.13
7.29,38.13
7.29,38.13
7.29,38.13
7.29,38.13
7.29,38.13
7.29,38.13
7.29,38.13
7.29,38.13
7.29,38.13
7.29,38.13
7.29,38.13
7.29,38.13
7.29,38.13
7.29,38.13
7.29,38.13
7.29,38.13
7.29,38.13
7.29,38.13
7.29,38.13
7.29,38.13
7.29,38.13
7.29,38.13
7.29,38.13
7.29,38.13
7.29,38.13
7.29,38.13
7.29,38.13
7.29,38.13
7.29,38.13
7.29,38.13
7.29,38.13
7.29,38.13
7.29,38.13
7.29,38.13
7.29,38.13
7.29,38.13
7.29,38.13
7.29,38.13
7.29,38.13
7.29,38.13
7.29,38.13
7.3,38.14
7.3,38.14
7.3,38.14
7.3,38.14
7.3,38.14
7.3,38.14
7.3,38.14
7.3,38.14
7.3,38.14
7.3,38.14
7.3,38.14
7.3,38.14
7.3,38.14
7.3,38.14
7.3,38.14
7.3,38.14
7.3,38.14
7.3,38.14
7.3,38.14
7.3,38.14
7.3,38.14
7.3,38.14
7.3,38.14
7.3,38.14
7.3,38.14
7.3,38.14
7.3,38.14
7.3,38.14
7.3,38.14
7.3,38.14
7.3,38.14
7.3,38.14
7.3,38.14
7.3,38.14
7.3,38.14
7.3,38.14
7.3,38.14
7.3,38.14
7.3,38.14
7.3,38.14
7.3,38.14
7.3,38.14
7.3,38.14
7.3,38.14
7.3,38.14
7.3,38.14
7.3,38.14
7.3,38.14
7.3,38.14
7.3,38.14
7.3,38.14
7.3,38.14
7.3,38.14
7.3,38.14
7.3,38.14
7.3,38.14
7.3,38.14
7.3,38.14
7.3,38.14
7.3,38.14
7.4,37.8
7.4,37.8
7.4,37.8
7.4,37.8
7.4,37.8
7.4,37.8
7.4,37.8
7.4,37.8
7.4,37.8
7.4,37.8
7.4,37.8
7.4,37.8
7.4,37.8
7.4,37.8
7.4,37.8
7.4,37.8
7.4,37.8
7.4,37.8
7.4,37.8
7.4,37.8
7.4,37.8
7.4,37.8
7.4,37.8
7.4,37.8
7.4,37.8
7.4,37.8
7.4,37.8
7.4,37.8
7.4,37.8
7.4,37.8
7.38,37.79
7.38,37.79
7.38,37.79
7.38,37.79
7.38,37.79
7.38,37.79
7.38,37.79
7.38,37.79
7.38,37.79
7.38,37.79
7.38,37.79
7.38,37.79
7.38,37.79
7.38,37.79
7.38,37.79
7.38,37.79
7.38,37.79
7.38,37.79
7.38,37.79
7.38,37.79
7.38,37.79
7.38,37.79
7.38,37.79
7.38,37.79
7.38,37.79
7.38,37.79
7.38,37.79
7.38,37.79
7.38,37.79
7.38,37.79
7.32,37.83
7.32,37.83
7.32,37.83
7.32,37.83
7.32,37.83
7.32,37.83
7.32,37.83
7.32,37.83
7.32,37.83
7.32,37.83
7.32,37.83
7.32,37.83
7.32,37.83
7.32,37.83
7.32,37.83
7.32,37.83
7.32,37.83
7.32,37.83
7.32,37.83
7.32,37.83
7.32,37.83
7.32,37.83
7.32,37.83
7.32,37.83
7.32,37.83
7.32,37.83
7.32,37.83
7.32,37.83
7.32,37.83
7.32,37.83
7.34,37.83
7.34,37.83
7.34,37.83
7.34,37.83
7.34,37.83
7.34,37.83
7.34,37.83
7.34,37.83
7.34,37.83
7.34,37.83
7.34,37.83
7.34,37.83
7.34,37.83
7.34,37.83
7.34,37.83
7.34,37.83
7.34,37.83
7.34,37.83
7.34,37.83
7.34,37.83
7.34,37.83
7.34,37.83
7.34,37.83
7.34,37.83
7.34,37.83
7.34,37.83
7.34,37.83
7.34,37.83
7.34,37.83
7.34,37.83
7.45,37.84
7.45,37.84
7.45,37.84
7.45,37.84
7.45,37.84
7.45,37.84
7.45,37.84
7.45,37.84
7.45,37.84
7.45,37.84
7.45,37.84
7.45,37.84
7.45,37.84
7.45,37.84
7.45,37.84
7.45,37.84
7.45,37.84
7.45,37.84
7.45,37.84
7.45,37.84
7.45,37.84
7.45,37.84
7.45,37.84
7.45,37.84
7.45,37.84
7.45,37.84
7.45,37.84
7.45,37.84
7.45,37.84
7.45,37.84
8.93,39.35
8.93,39.35
8.93,39.35
8.93,39.35
8.93,39.35
8.93,39.35
8.93,39.35
8.93,39.35
8.93,39.35
8.92,39.34
8.92,39.34
8.92,39.34
8.93,39.34
8.93,39.34
8.93,39.34
8.92,39.34
8.92,39.34
8.92,39.34
8.92,39.34
8.92,39.34
8.92,39.34
8.91,39.33
8.91,39.33
8.91,39.33
9,39.37
9,39.37
9,39.37
9,39.37
9,39.37
9,39.37
9,39.37
9,39.37
9,39.37
8.97,39.35
8.97,39.35
8.97,39.35
8.58318,39.2087
8.58318,39.2087
8.58318,39.2087
8.5822,39.20836
8.5822,39.20836
8.5822,39.20836
9,39.36
9,39.36
9,39.36
8.98,39.36
8.98,39.36
8.98,39.36
8.79,39.32
8.79,39.32
8.79,39.32
8.78,39.32
8.78,39.32
8.78,39.32
8.78,39.32
8.78,39.32
8.78,39.32
8.78,39.33
8.78,39.33
8.78,39.33
8.78,39.33
8.78,39.33
8.78,39.33
8.8,39.34
8.8,39.34
8.8,39.34
8.79,39.33
8.79,39.33
8.79,39.33
8.80659,39.29811
8.80659,39.29811
8.80659,39.29811
8.81,39.29
8.81,39.29
8.81,39.29
8.797905,39.300757
8.797905,39.300757
8.797905,39.300757
8.82,39.3
8.82,39.3
8.82,39.3
8.83,39.31
8.83,39.31
8.83,39.31
8.807038,39.303175
8.807038,39.303175
8.807038,39.303175
8.82,39.3
8.82,39.3
8.82,39.3
8.804897,39.297187
8.804897,39.297187
8.804897,39.297187
8.92819,39.34666
8.92819,39.34666
8.92819,39.34666
8.92708,39.346308
8.92708,39.346308
8.92708,39.346308
8.92678,39.347018
8.92678,39.347018
8.92678,39.347018
8.917235,39.335248
8.917235,39.335248
8.917235,39.335248
8.927505,39.336247
8.927505,39.336247
8.927505,39.336247
8.923135,39.33833
8.923135,39.33833
8.923135,39.33833
8.919008,39.335193
8.919008,39.335193
8.919008,39.335193
8.914627,39.326997
8.914627,39.326997
8.914627,39.326997
8.99634,39.374588
8.99634,39.374588
8.99634,39.374588
8.99566,39.374878
8.99566,39.374878
8.99566,39.374878
8.996487,39.371625
8.996487,39.371625
8.996487,39.371625
8.97159,39.349313
8.97159,39.349313
8.97159,39.349313
8.58318,39.2087
8.58318,39.2087
8.58318,39.2087
8.5822,39.20836
8.5822,39.20836
8.5822,39.20836
8.995732,39.359302
8.995732,39.359302
8.995732,39.359302
8.789547,39.315373
8.789547,39.315373
8.789547,39.315373
8.782759,39.318006
8.782759,39.318006
8.782759,39.318006
8.78,39.32
8.78,39.32
8.78,39.32
8.78,39.33
8.78,39.33
8.78,39.33
8.784365,39.326923
8.784365,39.326923
8.784365,39.326923
8.795825,39.336512
8.795825,39.336512
8.795825,39.336512
8.792393,39.33267
8.792393,39.33267
8.792393,39.33267
8.80659,39.29811
8.80659,39.29811
8.80659,39.29811
8.805678,39.294915
8.805678,39.294915
8.805678,39.294915
8.797905,39.300757
8.797905,39.300757
8.797905,39.300757
8.816333,39.304633
8.816333,39.304633
8.816333,39.304633
8.825605,39.310837
8.825605,39.310837
8.825605,39.310837
8.807038,39.303175
8.807038,39.303175
8.807038,39.303175
8.804897,39.297187
8.804897,39.297187
8.804897,39.297187
10.47,37.56
10.47,37.56
10.47,37.56
10.47,37.56
10.47,37.56
10.47,37.56
10.47,37.56
10.47,37.56
10.47,37.56
10.47,37.56
10.47,37.56
10.47,37.56
10.48,37.56
10.47,37.56
10.48,37.56
10.47,37.56
10.47,37.56
10.48,37.56
10.47,37.56
10.47,37.56
10.48,37.56
10.47,37.56
10.48,37.56
10.47,37.56
10.42,37.73
10.42,37.73
10.42,37.73
10.42,37.73
10.42,37.73
10.42,37.73
10.42,37.73
10.42,37.73
10.41,37.73
10.41,37.73
10.41,37.73
10.41,37.73
10.42,37.73
10.42,37.73
10.42,37.73
10.42,37.73
10.48,37.56
10.48,37.56
10.48,37.56
10.48,37.56
10.48,37.56
10.48,37.56
10.48,37.56
10.48,37.56
9.03,37.83
9.06,37.84
9.03,37.83
9.03,37.83
9.03,37.83
9.03,37.83
9.03,37.83
9.06,37.84
9.06,37.84
9.03,37.83
9.06,37.84
9.03,37.83
9.03,37.83
9.03,37.83
9.03,37.83
9.03,37.83
7.63,37.94
7.63,37.94
7.63,37.94
7.63,37.94
7.63,37.94
7.63,37.94
7.63,37.94
7.63,37.94
7.62,37.94
7.62,37.94
7.62,37.94
7.62,37.94
7.62,37.94
7.62,37.94
7.62,37.94
7.62,37.94
7.33,37.78
7.33,37.78
7.33,37.78
7.33,37.78
7.33,37.78
7.33,37.78
7.33,37.78
7.33,37.78
7.46,37.84
7.46,37.84
7.46,37.84
7.46,37.84
7.51,37.81
7.51,37.81
7.51,37.81
7.51,37.81
7.51,37.81
7.51,37.81
7.51,37.81
7.51,37.81
7.51,37.81
7.51,37.81
7.51,37.81
7.51,37.81
7.51,37.81
7.51,37.81
7.51,37.81
7.51,37.81
7.5,37.81
7.5,37.81
7.5,37.81
7.5,37.81
7.5,37.81
7.5,37.81
7.5,37.81
7.5,37.81
7.5,37.8
7.5,37.8
7.5,37.8
7.5,37.8
7.5,37.8
7.5,37.8
7.5,37.8
7.5,37.8
7.5,37.8
7.5,37.8
7.5,37.8
7.5,37.8
7.5,37.8
7.5,37.8
7.5,37.8
7.5,37.8
7.49,37.7
7.49,37.7
7.49,37.7
7.49,37.7
7.49,37.7
7.49,37.7
7.49,37.7
7.49,37.7
10.42,37.73
10.42,37.73
10.42,37.73
10.42,37.73
10.42,37.73
10.42,37.73
10.42,37.73
10.42,37.73
10.42,37.73
10.42,37.73
10.42,37.73
10.42,37.73
10.42,37.74
10.42,37.74
10.42,37.74
10.42,37.74
10.42,37.74
10.42,37.74
10.42,37.74
10.42,37.74
10.42,37.73
10.42,37.73
10.42,37.73
10.42,37.73
10.09,37.73
10.09,37.73
10.09,37.73
10.09,37.73
10.41,37.73
10.41,37.73
10.41,37.73
10.41,37.73
10.42,37.73
10.42,37.73
10.42,37.73
10.42,37.73
10.41,37.73
10.41,37.73
10.41,37.73
10.41,37.73
10.42,37.73
10.42,37.73
10.42,37.73
10.42,37.73
10.41,37.73
10.41,37.73
10.41,37.73
10.41,37.73
10.42,37.73
10.42,37.73
10.42,37.73
10.42,37.73
10.42,37.73
10.42,37.73
10.42,37.73
10.42,37.73
10.42,37.73
10.42,37.73
10.42,37.73
10.42,37.73
10.42,37.73
10.42,37.73
10.42,37.73
10.42,37.73
10.42,37.73
10.42,37.73
10.42,37.73
10.42,37.73
10.42,37.73
10.42,37.73
10.42,37.73
10.42,37.73
10.42,37.74
10.42,37.74
10.42,37.74
10.42,37.74
10.48,37.56
10.48,37.56
10.48,37.56
10.48,37.56
10.48,37.56
10.48,37.56
10.48,37.56
10.48,37.56
10.47,37.56
10.47,37.56
10.47,37.56
10.47,37.56
9.03,37.83
9.06,37.84
9.03,37.83
9.06,37.84
8.19,38.57
8.19,38.57
8.19,38.57
8.19,38.57
8.19,38.58
8.19,38.58
8.19,38.58
8.19,38.58
7.63,37.94
7.63,37.94
7.63,37.94
7.63,37.94
7.63,37.94
7.63,37.94
7.63,37.94
7.63,37.94
7.63,37.94
7.63,37.94
7.63,37.94
7.63,37.94
7.63,37.94
7.63,37.94
7.63,37.94
7.63,37.94
7.63,37.94
7.63,37.94
7.63,37.94
7.63,37.94
7.63,37.94
7.63,37.94
7.63,37.94
7.63,37.94
7.63,37.94
7.63,37.94
7.63,37.94
7.63,37.94
7.63,38.26
7.63,38.26
7.63,38.26
7.63,38.26
7.33,37.78
7.33,37.78
7.33,37.78
7.33,37.78
7.32,37.78
7.32,37.78
7.32,37.78
7.33,37.78
7.33,37.78
7.33,37.78
7.33,37.78
7.33,37.78
7.32,37.78
7.32,37.78
7.32,37.78
7.32,37.78
7.32,37.78
7.32,37.78
7.32,37.78
7.32,37.78
7.32,37.78
7.32,37.78
7.32,37.78
7.32,37.78
7.45,37.84
7.45,37.84
7.45,37.84
7.45,37.84
7.46,37.84
7.46,37.84
7.46,37.84
7.46,37.84
7.45,37.84
7.45,37.84
7.45,37.84
7.45,37.84
7.5,37.81
7.5,37.81
7.5,37.81
7.5,37.81
7.5,37.8
7.5,37.8
7.5,37.8
7.5,37.8
7.5,37.13
7.5,37.13
7.5,37.13
7.5,37.13
7.51,37.82
7.51,37.82
7.51,37.82
7.51,37.82
7.5,37.72
7.5,37.72
7.5,37.72
7.5,37.72
7.49,37.71
7.49,37.71
7.49,37.71
7.49,37.71
7.49,37.71
7.49,37.71
7.49,37.71
7.49,37.71
7.49,37.71
7.49,37.71
7.49,37.71
7.49,37.71
7.49,37.71
7.49,37.71
7.49,37.71
7.49,37.71
7.49,37.71
7.49,37.71
7.49,37.71
7.49,37.71
